Q96SW2	Q96SW2
Q9ULW0	Q9ULW0
P06737	P06737
P06737	P11216
P06737	P11217
Q06259	Q06259
P14242	P14242
P14242	P54278
P25385	P25385
A8MTZ0	A8MTZ0
A8KAG1	A8KAG1
Q9P121	Q9P121
P14678	P14678
Q8AZK7	Q8AZK7
P12383	P12383
P12383	P33200
Q8TAD8	Q8TAD8
Q8TAD8	Q07930
O96561	O96561
P02810	P02810
Q9FE22	Q9FE22
Q9FE22	O80536
Q9FE22	Q84LH8
Q9FE22	Q8W2F3
Q9NQQ7	Q9NQQ7
P01241	P01241
P01241	P0DML2
P33891	P33891
O22607	O22607
O22607	Q16576
O22607	Q09028
Q9GSX9	Q9GSX9
Q7BU69	Q7BU69
Q14746	Q14746
Q91X05	Q91X05
Q91X05	P27105
Q91X05	P54116
Q8L3K8	Q8L3K8
Q7X6P3	Q7X6P3
Q9UJV3	Q9UJV3
Q9UJV3	O15344
Q12050	Q12050
Q12518	Q12518
P17076	P17076
Q60841	Q60841
Q14118	Q14118
Q9WVG6	Q9WVG6
Q9WVG6	Q86X55
Q9WVG6	P38074
Q9WVG6	Q9NR22
Q9WVG6	Q99873
Q9WVG6	Q9JIF0
Q9WVG6	Q63009
Q9WVG6	Q9SU94
Q9WVG6	O82210
O75844	O75844
A2AUM9	A2AUM9
Q86WT6	Q86WT6
P62877	P62877
Q9LM25	Q9LM25
O94717	O94717
O15144	O15144
O15144	Q9CVB6
O15144	Q3MHR7
P38117	P38117
O43156	O43156
P05090	P05090
Q53EP0	Q53EP0
Q9H1C7	Q9H1C7
Q9H1C7	Q12489
Q96KS9	Q96KS9
Q02742	Q02742
P55085	P55085
P55085	Q9NS75
P23615	P23615
P22336	P22336
P19334	P19334
P19334	P48995
P19334	G1U2U3
P19334	Q9QZC1
P19334	Q13507
Q91ZQ0	Q91ZQ0
P32639	P32639
P32639	O75643
P0C0L4	P0C0L4
P0C0L4	P01024
Q9BXC9	Q9BXC9
P27884	P27884
P27884	Q13936
P27884	P27732
P27884	O35505
P27884	Q01668
P27884	Q02294
Q9UEU0	Q9UEU0
Q9UEU0	O88384
Q8N2Z9	Q8N2Z9
P05060	P05060
P53987	P53987
P53987	O15427
P53987	O60669
P15529	P15529
P15529	P02749
P15529	P17927
Q96FW1	Q96FW1
Q96FW1	Q96DC9
Q83XN4	Q83XN4
Q83XN4	Q52VH2
Q99176	Q99176
Q96EF6	Q96EF6
P16790	P16790
P25604	P25604
O15205	O15205
O15205	P62980
O15205	P0CH06
O15205	P0CH07
O15205	P0C016
O15205	P0C8R3
O15205	P0CG48
O15205	P0CG72
O15205	P0CG63
O15205	P0CG53
O15205	P0CG47
O15205	Q15843
P39019	P39019
Q9V3J8	Q9V3J8
Q9V3J8	P61964
Q9V3J8	Q9VZF4
Q9V3J8	Q969H0
Q9V3J8	P63244
Q9V3J8	Q9BRX9
Q9A2T6	Q9A2T6
Q01844	Q01844
Q01844	P56959
P31150	P31150
Q8GYN5	Q8GYN5
P50456	P50456
P38634	P38634
Q4W5X0	Q4W5X0
Q4W5X0	O95985
Q8YZH5	Q8YZH5
Q8YZH5	Q7X386
Q7Z3S9	Q7Z3S9
Q7Z3S9	Q2PZL6
Q7Z3S9	O00468
Q10567	Q10567
Q10567	Q9DBG3
Q10567	P63010
Q10567	P63009
Q10567	P62944
Q10567	Q9Y6B7
P53048	P53048
O15360	O15360
Q96S15	Q96S15
Q79V61	Q79V61
Q79V61	Q79PF5
Q96PE7	Q96PE7
P47119	P47119
O00471	O00471
Q13164	Q13164
Q13164	P53779
Q13164	P49185
Q13164	Q61831
Q13164	P45983
Q13164	B5BUJ7
Q13164	Q8WQG9
Q13164	P45984
Q13164	Q54QB1
Q13164	P14681
Q13164	Q9SJG9
Q13164	Q8IVW4
Q13164	P49615
Q13164	P47811
Q13164	Q16539
Q13164	Q00534
Q13164	P11802
Q13164	P30285
Q13164	Q9UQ88
Q13164	Q04735
Q13164	Q00536
Q13164	O94921
Q13164	Q15131
Q13164	P24941
Q13164	P06493
Q13164	Q9U9Y8
Q13164	Q39026
Q13164	Q39024
Q13164	Q9LQQ9
Q13164	Q9LMM5
Q13164	Q9M1Z5
Q13164	Q9UBE8
Q13164	Q00772
Q13164	Q63844
Q13164	P28482
Q13164	P63086
Q13164	P40417
Q13164	P63085
Q13164	P27361
Q13164	P00546
Q13164	P04551
Q9W0N9	Q9W0N9
P12554	P12554
Q9XUS9	Q9XUS9
Q9XUS9	Q9H0H5
Q9SU72	Q9SU72
Q8TDT2	Q8TDT2
Q13155	Q13155
Q13155	Q9WVM7
P53323	P53323
P53323	Q96S44
P02545	P02545
P02545	P20700
Q54450	Q54450
Q07794	Q07794
P13798	P13798
Q43125	Q43125
Q43125	Q96524
Q6NZ36	Q6NZ36
Q08209	Q08209
Q08209	P63328
Q08209	P48727
Q08209	P36874
Q08209	P13681
Q08209	P36873
Q08209	Q8ILV1
Q08209	P62140
Q08209	P63088
Q08209	Q27497
Q08209	P32598
Q08209	Q3T0E7
Q08209	P23595
Q08209	P63330
Q08209	P63331
Q08209	P60510
Q08209	P20604
Q08209	Q60676
Q08209	P53041
Q5T686	Q5T686
Q96B67	Q96B67
A4D1P6	A4D1P6
Q6ZNE9	Q6ZNE9
Q9NR80	Q9NR80
Q9NR80	Q64096
Q9NR80	Q9H7P9
Q13084	Q13084
P07834	P07834
P07834	O14170
Q12929	Q12929
Q12929	Q08509
Q969S6	Q969S6
A0A142I9X8	A0A142I9X8
P40855	P40855
Q15008	Q15008
Q15008	Q9V3G7
Q7DDR9	Q7DDR9
Q6ZN57	Q6ZN57
Q6ZN57	Q61602
Q6ZN57	P10071
Q6ZN57	P08151
Q6ZN57	Q0VGT2
Q6ZN57	P19538
Q6ZN57	Q8NEA6
Q6ZN57	Q9HAZ2
Q6ZN57	A2A935
L1J207	L1J207
P56658	P56658
Q96EA4	Q96EA4
Q9NPC3	Q9NPC3
Q9P0L0	Q9P0L0
Q9P0L0	Q9Z270
Q9P0L0	O95292
Q9P0L0	P40075
Q9P0L0	Q9SHC8
P36041	P36041
P39968	P39968
Q8TD31	Q8TD31
P30203	P30203
Q96RU3	Q96RU3
Q96RU3	Q8R511
Q96RU3	Q5T0N5
Q8IW19	Q8IW19
O14156	O14156
P0A8V2	P0A8V2
P0A8V2	P77965
P0A8V2	P37870
P0A8V2	P0CE09
P0A8V2	P9WGY9
O43482	O43482
O00631	O00631
P04792	P04792
P04792	P24623
P04792	P02489
P04792	P23927
P04792	Q9UJY1
P33671	P33671
P33671	O75056
P33671	A0A0S2Z4U3
P33671	P26260
P33671	P18827
P33671	P34901
P33671	P34741
P33671	P34900
P74746	P74746
P22892	P22892
P22892	O43747
P22892	B2RYN6
P22892	O75843
P22892	Q8R525
P25344	P25344
Q5ZMQ7	Q5ZMQ7
Q5ZMQ7	Q96B97
Q5ZMQ7	Q9Y5K6
Q60838	Q60838
Q60838	O14641
Q60838	O14640
Q60838	P51141
Q60838	Q86TH3
Q60838	Q92997
Q60838	Q61062
Q60838	P51140
Q08176	Q08176
Q96RJ6	Q96RJ6
Q96RJ6	Q60867
Q96RJ6	Q9Y4Z2
Q96RJ6	P26687
Q96RJ6	Q15672
Q96RJ6	Q61039
G5ECG0	G5ECG0
Q8IY31	Q8IY31
G3HQM6	G3HQM6
G3HQM6	P07901
G3HQM6	P08238
G3HQM6	Q18688
G3HQM6	Q0Q0I7
G3HQM6	Q7XJ80
G3HQM6	P55737
G3HQM6	P02829
G3HQM6	Q12931
P31742	P31742
Q53XC2	Q53XC2
Q53XC2	P49770
P53068	P53068
P18848	P18848
P18848	Q06507
Q8R5B6	Q8R5B6
Q8R5B6	Q9D5L7
Q8R5B6	O88838
Q8R5B6	Q99619
Q8R5B6	Q5XPI4
O60832	O60832
P58397	P58397
P58397	Q6UY14
P58397	Q76LX8
Q9UI10	Q9UI10
Q9UI10	Q14232
B8GX61	B8GX61
Q7L591	Q7L591
Q7L591	O60496
Q7L591	P97465
O34483	O34483
Q9UPQ8	Q9UPQ8
Q8R4L0	Q8R4L0
Q6ZWX6	Q6ZWX6
O15151	O15151
O15151	P23804
Q86V38	Q86V38
Q86V38	P54259
P34027	P34027
Q8N8B7	Q8N8B7
O81836	O81836
Q8YY42	Q8YY42
P20227	P20227
P20227	P13393
P20227	Q8ST28
P20227	P28148
P20227	P20226
O15027	O15027
O15027	E9QAT4
Q96MT3	Q96MT3
Q96MT3	Q9UGI8
Q56NL1	Q56NL1
Q56NL1	Q5EGZ1
Q56NL1	Q9BYF1
O60907	O60907
O60907	Q9BZK7
O60907	O76071
P40487	P40487
Q9BV36	Q9BV36
Q9BV36	Q91V27
Q13794	Q13794
Q9BX63	Q9BX63
Q12234	Q12234
Q5ST30	Q5ST30
Q5ST30	Q55522
Q6DKK2	Q6DKK2
Q8N114	Q8N114
Q5PSV4	Q5PSV4
Q5PSV4	Q9HCU9
P44868	P44868
Q8WTR4	Q8WTR4
Q8WTR4	Q3KTM2
Q09763	Q09763
Q03707	Q03707
Q03707	Q03281
Q61187	Q61187
Q61187	Q99816
O48963	O48963
O48963	Q17941
O48963	P31749
O48963	P31750
O48963	P47196
O48963	P31751
O48963	P00517
O48963	P27791
O48963	P53739
O48963	Q19266
O48963	Q5I6E9
O48963	O64682
O48963	A6MW92
O48963	Q9LSF1
O48963	Q16513
O48963	Q5I6E8
O48963	Q9XF67
O48963	Q9UQB9
O48963	P38991
O48963	Q9VA38
O48963	Q02156
O48963	P09216
O48963	P05771
O48963	P68403
O48963	Q05513
O48963	P05130
O48963	P41743
O48963	A1Z9X0
O48963	O22932
O48963	Q62074
O48963	P17252
O48963	P05129
O48963	P24723
O48963	O54874
O48963	Q5VT25
O48963	P53894
O48963	Q04759
O48963	Q05655
O48963	Q15208
O48963	Q9Y2H1
O48963	P22204
O48963	O75582
O48963	P70335
O48963	Q13976
O48963	Q6P0Q8
O48963	O60307
O48963	Q60592
O48963	P11792
O48963	O00141
O48963	P12688
O48963	P18654
O48963	Q9PTN1
O48963	P23443
O48963	Q15349
O48963	Q15418
O48963	Q9LDI3
O48963	P34947
O48963	P43250
O48963	O70293
O48963	P25098
O48963	P21146
P38862	P38862
O74991	O74991
Q9VQ91	Q9VQ91
Q921E6	Q921E6
P11473	P11473
P22307	P22307
Q15046	Q15046
Q15046	P37879
O14602	O14602
Q9Y7R3	Q9Y7R3
Q53HV7	Q53HV7
Q15633	Q15633
Q15633	O75569
Q9NRS6	Q9NRS6
Q9NRS6	O60749
Q8CFP6	Q8CFP6
Q8CFP6	P36019
Q8CFP6	Q9UL25
Q8CFP6	P35282
Q8CFP6	Q9NP72
Q8CFP6	P51159
Q8CFP6	Q99P58
Q8CFP6	Q9ERI2
Q8CFP6	O00194
Q8CFP6	P51148
Q8CFP6	P20339
Q8CFP6	P61020
Q9H205	Q9H205
Q9H205	O95221
Q9VGS2	Q9VGS2
Q4Q3K2	Q4Q3K2
Q15506	Q15506
Q92917	Q92917
Q8NA57	Q8NA57
Q14849	Q14849
Q14849	O95772
Q14849	P49675
Q14849	P51557
O95631	O95631
O95631	O09118
O95631	Q9Y2I2
O95631	Q96CW9
K0BWD0	K0BWD0
K0BWD0	P0C6U8
K0BWD0	X2G6C4
Q71U36	Q71U36
Q71U36	P0DPH8
Q71U36	P68366
Q71U36	Q9BUF5
Q71U36	P04350
Q71U36	P29517
Q71U36	Q9BVA1
Q71U36	P07437
Q01253	Q01253
Q92743	Q92743
Q92743	P83110
Q92743	O43464
Q92743	Q9JIY5
Q92743	P0C0V0
Q92743	P0AEE3
Q92743	O22609
Q77YG0	Q77YG0
Q77YG0	P69723
Q77YG0	P12504
Q3KK29	Q3KK29
P53064	P53064
Q96LC9	Q96LC9
P40074	P40074
Q8BGV8	Q8BGV8
Q8BGV8	Q9NQG6
P62806	P62806
P62806	P62805
P62806	P02309
P62806	P62803
P51787	P51787
P97887	P97887
P97887	G3HNF2
P22149	P22149
Q8VE28	Q8VE28
Q8VE28	Q969F2
Q9BRP8	Q9BRP8
Q8IWE2	Q8IWE2
P06802	P06802
Q495M9	Q495M9
P32841	P32841
P25367	P25367
O55222	O55222
O55222	Q13418
Q6L545	Q6L545
Q6L545	Q9MAA7
Q6L545	Q976W8
O94733	O94733
O14713	O14713
Q8IWR1	Q8IWR1
Q9VMA3	Q9VMA3
Q16548	Q16548
Q06159	Q06159
P53855	P53855
P32621	P32621
P18887	P18887
O52623	O52623
O75689	O75689
O75689	Q8CGU4
O75689	Q9XXH8
Q5SR56	Q5SR56
P25587	P25587
P0DMC7	P0DMC7
P47023	P47023
P72758	P72758
Q6XVX6	Q6XVX6
Q9Y5R4	Q9Y5R4
Q8TAF3	Q8TAF3
Q5SW96	Q5SW96
Q5SW96	D3ZAR1
P32897	P32897
Q9H477	Q9H477
Q9Z2B5	Q9Z2B5
P27487	P27487
Q9X4D0	Q9X4D0
P33338	P33338
P42704	P42704
D1MYR7	D1MYR7
D1MYR7	P29366
Q8NC96	Q8NC96
Q8NC96	Q9D1J1
Q8NC96	Q9CR95
Q8IVH4	Q8IVH4
Q9UGJ1	Q9UGJ1
P14784	P14784
P18852	P18852
Q96E11	Q96E11
Q9NS82	Q9NS82
Q9NS82	Q92536
Q9NS82	Q22397
Q9NS82	P82251
Q9NP66	Q9NP66
Q9NP66	Q9P0W2
Q68FM7	Q68FM7
Q68FM7	O15085
Q68FM7	Q92888
Q6UVY6	Q6UVY6
O94534	O94534
Q8WWB3	Q8WWB3
Q8WWB3	Q96IM9
P40368	P40368
P0AG86	P0AG86
Q9H8T0	Q9H8T0
Q9M0K4	Q9M0K4
Q9M0K4	P27900
Q9M0K4	P10242
Q9M0K4	Q9FE25
Q8S2T0	Q8S2T0
P14291	P14291
P55034	P55034
P55034	P55036
P55034	P38886
Q9USJ7	Q9USJ7
Q9BRJ9	Q9BRJ9
P05455	P05455
Q8IZU0	Q8IZU0
Q68D85	Q68D85
Q9UBD9	Q9UBD9
Q9XY09	Q9XY09
O76064	O76064
O00299	O00299
O00299	O95833
O35324	O35324
O35324	O60880
Q15459	Q15459
Q92831	Q92831
P53192	P53192
P33520	P33520
P60409	P60409
P60409	P60410
P60409	P60411
P60409	P60369
P60409	P60331
P60409	P60370
P62841	P62841
Q13191	Q13191
Q13191	Q3TTA7
Q13191	P22681
Q96NY9	Q96NY9
O60934	O60934
P22033	P22033
P11532	P11532
P15382	P15382
Q79PF4	Q79PF4
Q79PF4	Q79V60
P05649	P05649
P57055	P57055
O75791	O75791
O75791	O89100
O75791	Q60631
O75791	P62993
O75791	Q07883
O75791	P62994
O75791	O43639
O75791	P16333
O75791	Q99M51
Q9FMP0	Q9FMP0
P74596	P74596
Q8VIG1	Q8VIG1
P12003	P12003
P12003	Q64727
P12003	P18206
O27564	O27564
P11972	P11972
P60321	P60321
P19814	P19814
P19814	Q62313
O43301	O43301
O95400	O95400
Q9Y5Z0	Q9Y5Z0
Q9Y5Z0	P56817
P39014	P39014
P39014	P87053
P39014	P63005
P39014	P43034
P39014	Q9Y297
P39014	Q91854
P39014	Q9UKB1
P39014	Q3ULA2
P39014	P25382
P48165	P48165
P48165	P36382
P48165	P08050
P48165	P17302
P0CY08	P0CY08
Q9H944	Q9H944
Q12830	Q12830
P26480	P26480
P26480	P00579
P26480	P9WGI1
P26480	P0A2E6
P26480	P13445
Q9P2K6	Q9P2K6
P48837	P48837
P48837	P52948
Q62083	Q62083
Q62083	Q9EP80
Q62083	Q9NRD5
Q62083	Q80VC8
O75348	O75348
O75912	O75912
O75912	O08560
P52789	P52789
P52789	P19367
Q6PHW0	Q6PHW0
Q99417	Q99417
Q9BXV9	Q9BXV9
Q8TAC1	Q8TAC1
Q06708	Q06708
Q9Z0H7	Q9Z0H7
Q9Z0H7	O95999
Q9Z0H7	Q66677
Q9UER7	Q9UER7
Q9UER7	O35613
C0H480	C0H480
O61667	O61667
P27637	P27637
P23284	P23284
P23284	P30405
P23284	Q99KR7
P23284	P49792
P23284	O43447
P06701	P06701
P22216	P22216
P22216	Q14680
P22216	P32485
P22216	Q09892
P22216	P53778
P22216	P18431
P22216	P49841
P22216	P49840
P22216	Q39011
P22216	O14757
P22216	P21965
P22216	Q99683
P22216	Q95SK9
P22216	Q8RWC9
P22216	P34244
P22216	O54992
P22216	Q62101
P22216	Q15139
P22216	Q9BZL6
P22216	Q12263
P22216	P87050
P22216	Q7KZI7
P22216	Q8QGV3
P22216	P27448
P22216	Q804T2
P22216	P06782
P22216	Q38997
P22216	P54645
P22216	P54646
P22216	Q13131
P22216	Q9Y2K2
P22216	Q8CFH6
P22216	P57059
P22216	Q9BXA6
P28795	P28795
P11912	P11912
Q7A2B0	Q7A2B0
Q00684	Q00684
O75688	O75688
O75688	P35813
O75688	P49597
O75688	O04719
Q8TBB6	Q8TBB6
P05928	P05928
Q5BJU7	Q5BJU7
Q5BJU7	Q9Y6W5
Q8SAB7	Q8SAB7
P77499	P77499
P53943	P53943
P53943	P40475
P19623	P19623
Q9FN69	Q9FN69
Q9FN69	Q9CAD0
P24339	P24339
P24339	Q9P2E2
P24339	Q9Y496
P24339	O60333
P24339	P33173
P24339	F1M4A4
P24339	O42263
P24339	Q7Z4S6
P24339	P33176
P24339	Q2PQA9
P24339	O60282
P24339	P56536
P24339	Q99661
P24339	O00139
Q9NZL4	Q9NZL4
P11344	P11344
P11344	P14679
Q9LDU5	Q9LDU5
Q9LDU5	Q9C9E3
Q9LDU5	Q9M246
Q9LDU5	Q93ZM9
Q9LDU5	Q9C5K8
P48588	P48588
P70372	P70372
P70372	Q15717
Q14247	Q14247
Q14247	Q66HL2
Q14247	Q60598
Q14247	P14317
P22027	P22027
P40381	P40381
Q03103	Q03103
Q03103	Q96HE7
Q9XYF4	Q9XYF4
Q9UJC3	Q9UJC3
Q9UJC3	Q86VS8
Q9UJC3	Q96ED9
Q94AH9	Q94AH9
P10727	P10727
P10727	P17903
Q9BXN2	Q9BXN2
Q9BXN2	P26718
Q9BXN2	Q8NC01
P0AF36	P0AF36
P53067	P53067
P50150	P50150
P50150	Q9UBI6
P50150	P50151
Q96S82	Q96S82
P35248	P35248
P54274	P54274
P54274	P70371
Q9JHI9	Q9JHI9
P78346	P78346
Q9NQX0	Q9NQX0
Q9NQX0	Q9GZV8
Q92574	Q92574
Q92574	Q86WV8
Q9LZP8	Q9LZP8
Q9LZP8	Q9SJN0
Q9LZP8	Q84JK2
Q9LZP8	Q9M7Q2
P06858	P06858
Q16630	Q16630
Q16630	Q8N684
O88350	O88350
Q9FNZ5	Q9FNZ5
P01730	P01730
P01730	P06332
P59998	P59998
P0AEF0	P0AEF0
Q9NZ52	Q9NZ52
Q9NZ52	Q9UJY5
Q9NZ52	Q9UJY4
Q9NZ52	O60784
Q9NZ52	O75674
P55087	P55087
P55087	P41181
P55087	P06624
P55087	P56402
P55087	P55064
P55087	P29972
P55087	Q13520
Q8N5H7	Q8N5H7
Q8N5H7	Q9QZS8
Q8N5H7	O75815
P73081	P73081
Q5SWA1	Q5SWA1
Q96MT8	Q96MT8
Q96MT8	Q05D60
P50914	P50914
P21359	P21359
O75787	O75787
Q8IZ13	Q8IZ13
Q9NYB9	Q9NYB9
Q9NYB9	Q9P2A4
Q9NYB9	Q8IZP0
P14598	P14598
P14598	Q5TCZ1
Q9GZM8	Q9GZM8
Q9GZM8	Q9ERR1
Q9GZM8	Q9CZA6
Q9GZM8	Q9NXR1
Q7BSV8	Q7BSV8
Q9H4F8	Q9H4F8
Q8WXH0	Q8WXH0
Q8WXH0	Q6ZWQ0
P00751	P00751
P00751	P06681
P38637	P38637
Q9HC77	Q9HC77
Q12149	Q12149
O43490	O43490
Q9BXL7	Q9BXL7
Q9BXL7	Q9H257
Q9BXL7	Q9BWT7
P53135	P53135
P54198	P54198
P54198	Q5R1S9
P54198	Q13112
P54198	P32479
Q9EQG5	Q9EQG5
Q04230	Q04230
Q96KB5	Q96KB5
Q15628	Q15628
Q9RA63	Q9RA63
Q9RA63	P37571
Q9BXG8	Q9BXG8
O43281	O43281
P09874	P09874
P09874	P11103
Q9UQ80	Q9UQ80
P13646	P13646
P13646	A1A4E9
P13646	P19012
P13646	O76015
P13646	Q15323
P13646	Q14525
P13646	Q6A162
P13646	P05783
P13646	Q04695
P13646	P08727
P13646	P35900
P13646	Q13515
P75862	P75862
P04264	P04264
P04264	P02538
P04264	Q5XKE5
P04264	Q14533
P04264	P78385
P04264	O43790
P04264	P35908
P04264	P19013
P04264	P11679
P04264	P05787
P04264	Q7L4M3
P04264	P17661
P04264	P14136
P04264	P84198
P04264	P08670
P04264	P31000
P03586	P03586
P40549	P40549
Q6PJQ5	Q6PJQ5
Q6PJQ5	Q6PIV2
Q6PJQ5	Q12948
Q6PJQ5	O43638
Q6PJQ5	Q9NU39
Q6PJQ5	O00358
Q6PJQ5	P32314
Q6PJQ5	O15409
Q6PJQ5	Q9H334
Q6PJQ5	Q9BZS1
Q6PJQ5	Q99JB6
P14016	P14016
P11065	P11065
Q9NTI5	Q9NTI5
Q9NTI5	Q29RF7
P10728	P10728
P10728	P17904
P0A2M9	P0A2M9
P0A2M9	Q8VSP9
Q9XGN1	Q9XGN1
Q66K41	Q66K41
Q9NP79	Q9NP79
Q9UKT5	Q9UKT5
Q9GZX6	Q9GZX6
P38323	P38323
P38323	P0A6H1
Q6ZVD7	Q6ZVD7
Q6NZQ4	Q6NZQ4
P33313	P33313
Q5BVD1	Q5BVD1
Q96MV1	Q96MV1
Q99471	Q99471
Q99497	Q99497
Q18490	Q18490
P49458	P49458
O94979	O94979
Q14CZ7	Q14CZ7
Q05080	Q05080
P11684	P11684
P03230	P03230
P03230	Q1HVB3
P51843	P51843
Q9H0P0	Q9H0P0
Q10225	Q10225
Q10225	Q969K4
Q8IY42	Q8IY42
Q9H6X2	Q9H6X2
Q9H6X2	A4QP34
Q96PC5	Q96PC5
P56528	P56528
O14727	O14727
P53950	P53950
Q9V637	Q9V637
P10443	P10443
P56855	P56855
P07992	P07992
Q9BSQ5	Q9BSQ5
P32320	P32320
P17555	P17555
P17555	P40123
P0C0F6	P0C0F6
P0C0F6	Q03228
P0C0F6	Q9C5U0
O15173	O15173
O15173	O00264
O41094	O41094
Q99ZV9	Q99ZV9
Q96F86	Q96F86
Q9NXR7	Q9NXR7
P41811	P41811
Q9FIG9	Q9FIG9
Q14627	Q14627
P53254	P53254
Q8IWV1	Q8IWV1
Q495A1	Q495A1
A5U0E5	A5U0E5
A5U0E5	Q9WYT9
A5U0E5	P0AE88
A5U0E5	Q9AA62
A5U0E5	P0CAW8
A5U0E5	Q8KLS1
A5U0E5	P0AEV1
P27709	P27709
P30711	P30711
Q15078	Q15078
Q15078	P61809
Q9WUD1	Q9WUD1
Q9WUD1	Q9UNE7
Q9WUD1	Q9H6T3
P39935	P39935
Q13224	Q13224
Q13224	Q01097
Q13224	Q00959
Q92696	Q92696
O15315	O15315
O85239	O85239
O85239	Q56921
O85239	Q93KQ6
P17535	P17535
P17535	P17325
P17535	P05412
P17535	P18870
P29467	P29467
Q8IU60	Q8IU60
Q8IU60	Q8GW31
Q9BT92	Q9BT92
Q9UI95	Q9UI95
P40957	P40957
Q8WUH2	Q8WUH2
Q96DX5	Q96DX5
Q96DX5	Q9Y283
Q96DX5	Q96NW4
Q96DX5	Q3UMR0
P58004	P58004
O14836	O14836
P04610	P04610
P04610	P04326
P04610	P04608
P40337	P40337
A0A0H3NKV1	A0A0H3NKV1
A0A0H3NKV1	P0AF28
Q8IYF3	Q8IYF3
Q9GT24	Q9GT24
O59755	O59755
Q8R313	Q8R313
Q9UK45	Q9UK45
Q9UK45	P40204
Q9Y4F4	Q9Y4F4
Q6ZW61	Q6ZW61
Q9JMG6	Q9JMG6
Q9JMG6	P0C1Z6
O95639	O95639
O95639	Q06102
O43255	O43255
O43255	P61092
O43255	Q8IUQ4
Q14204	Q14204
P74241	P74241
O60504	O60504
P54619	P54619
Q8TEK3	Q8TEK3
P62750	P62750
Q9Y279	Q9Y279
Q9H773	Q9H773
Q6RW13	Q6RW13
Q9C0A6	Q9C0A6
Q8N944	Q8N944
Q96DZ7	Q96DZ7
Q9HD34	Q9HD34
O13710	O13710
P51023	P51023
P51023	P14921
P51023	P15036
P84092	P84092
P84092	Q96CW1
P84092	Q9BXS5
P84092	P35585
P98172	P98172
P98172	O13097
P98172	O35393
P98172	P52800
P98172	P52793
Q9NSI2	Q9NSI2
Q9H079	Q9H079
P23396	P23396
A6NFY7	A6NFY7
Q9H0E2	Q9H0E2
Q9H0E2	Q9QZ06
Q02241	Q02241
Q02241	Q8MQ03
Q02241	O95235
Q02241	Q27IK7
Q02241	Q9NQT8
Q02241	Q96L93
O15372	O15372
Q9BTP7	Q9BTP7
Q9Y6W8	Q9Y6W8
Q13322	Q13322
Q13322	Q14449
Q13322	O88900
Q13322	Q03160
Q13322	Q14451
Q13322	Q70E73
Q13322	Q8R5A3
Q13322	Q7Z5R6
Q96KN1	Q96KN1
Q53HL2	Q53HL2
P29590	P29590
P29590	Q15156
Q16633	Q16633
P0DKH5	P0DKH5
P0DKH5	Q75WV4
P61960	P61960
Q8IX90	Q8IX90
P10412	P10412
A4V2Z1	A4V2Z1
P03950	P03950
Q99L02	Q99L02
A2AM29	A2AM29
A2AM29	P42568
A2AM29	Q03111
Q9UNA4	Q9UNA4
Q9UNA4	Q9Y253
P58340	P58340
P58340	Q15773
Q8NHZ8	Q8NHZ8
Q8NCY6	Q8NCY6
Q7Z614	Q7Z614
P49021	P49021
Q9UBK5	Q9UBK5
P53267	P53267
Q96DV4	Q96DV4
Q9Y3C4	Q9Y3C4
O13836	O13836
Q01147	Q01147
Q01147	P16220
P52981	P52981
Q14995	Q14995
Q14995	Q6NSM0
Q83YM6	Q83YM6
Q62225	Q62225
Q62225	O14508
Q62225	O35717
Q62225	O35718
Q62225	O00459
Q62225	P23726
Q62225	P26450
Q62225	Q92569
Q62225	Q63787
Q62225	P23727
Q01477	Q01477
P53918	P53918
P21757	P21757
O43865	O43865
O43865	P23526
O94829	O94829
P38960	P38960
O75381	O75381
O75381	Q642G4
P0ADV9	P0ADV9
P15917	P15917
P00966	P00966
P00966	P77973
Q14749	Q14749
Q9BQF6	Q9BQF6
Q92504	Q92504
O54724	O54724
O54724	Q6NZI2
Q5XIQ4	Q5XIQ4
Q5XIQ4	Q9LYW5
Q5XIQ4	Q9S752
Q9P0K1	Q9P0K1
Q9P0K1	Q9BZ11
O30916	O30916
P14003	P14003
P14003	Q01068
P14003	P13097
P14003	Q01070
P14003	Q01071
P14003	P13096
O43541	O43541
O43541	O35182
O43541	O15105
P97310	P97310
P97310	P49736
P97310	Q61881
P97310	P33993
P97310	Q9UXG1
P97310	Q14566
P97310	P25206
P97310	P49718
P04618	P04618
P04618	P69718
P04618	P04620
Q5VU43	Q5VU43
Q96PB7	Q96PB7
P52918	P52918
P17798	P17798
P52919	P52919
A1Z7K9	A1Z7K9
Q86VP1	Q86VP1
Q86VP1	Q13137
Q6NUQ1	Q6NUQ1
Q9UNZ2	Q9UNZ2
Q9UNZ2	O35987
Q9UNZ2	Q14CS0
Q9UNZ2	Q0KL01
P38910	P38910
P38910	P0A6F9
Q15051	Q15051
Q9NEZ7	Q9NEZ7
Q8WWW0	Q8WWW0
Q8WWW0	Q5EBH1
Q8WWW0	Q86WH2
Q8WWW0	Q9NS23
Q8UZC1	Q8UZC1
Q99814	Q99814
P0A9X4	P0A9X4
P0A9X4	Q9WZ57
Q9GZN1	Q9GZN1
Q5FBB7	Q5FBB7
P40727	P40727
P40727	Q56844
Q6PD74	Q6PD74
Q8IV13	Q8IV13
Q8IYV9	Q8IYV9
Q92947	Q92947
P09210	P09210
P09210	O15217
O43663	O43663
Q4KLP8	Q4KLP8
P07363	P07363
O60547	O60547
O60547	P72586
O94972	O94972
P25591	P25591
Q8NA72	Q8NA72
Q12449	Q12449
Q9BPX6	Q9BPX6
Q8NE31	Q8NE31
Q5T7B8	Q5T7B8
Q5T7B8	Q9BVG8
Q5T7B8	F5H3M2
P15365	P15365
Q15555	Q15555
Q15555	Q15691
Q96NT3	Q96NT3
O60760	O60760
P38753	P38753
P14719	P14719
Q8TD17	Q8TD17
Q8TD17	P15622
Q8TD17	Q9UDV6
Q8TD17	O15015
Q8TD17	Q9NX65
Q8TD17	P17022
Q08949	Q08949
Q55559	Q55559
P78364	P78364
P78364	Q8IXK0
Q5JII0	Q5JII0
Q96B01	Q96B01
P62906	P62906
P0A9A6	P0A9A6
Q5T7V8	Q5T7V8
Q9H8M7	Q9H8M7
Q9VFP2	Q9VFP2
Q9VFP2	Q6IQ16
Q9VFP2	O43791
Q9VFP2	Q8L765
Q9VFP2	Q94420
Q9Y4C4	Q9Y4C4
Q9Y4C4	Q7KRY7
Q9Y4C4	Q14160
Q8N0S2	Q8N0S2
Q13573	Q13573
P14737	P14737
O14545	O14545
A0A0H3NVJ7	A0A0H3NVJ7
Q9HB71	Q9HB71
P62079	P62079
Q07157	Q07157
Q07157	Q9UDY2
Q9I317	Q9I317
Q7L622	Q7L622
P58301	P58301
P31785	P31785
P0ABZ1	P0ABZ1
P17813	P17813
Q7WY62	Q7WY62
Q9NQL2	Q9NQL2
Q9NQL2	Q9HB90
Q9NQL2	P53290
Q14974	Q14974
Q9BPZ7	Q9BPZ7
O41932	O41932
Q9NRI5	Q9NRI5
Q9NRI5	Q811T9
P02741	P02741
P02741	P02743
Q9Y3I1	Q9Y3I1
O14730	O14730
D9PTN5	D9PTN5
D9PTN5	G5EFI7
P0A420	P0A420
Q9Z2I6	Q9Z2I6
Q9Z2I6	Q496J9
P38318	P38318
P05026	P05026
Q12046	Q12046
P30429	P30429
P33611	P33611
P32361	P32361
P32361	Q9EQY0
P32361	O75460
O15234	O15234
Q9UGP4	Q9UGP4
Q9UGP4	Q9QXD8
Q9UGP4	Q15654
Q9UGP4	Q91XC0
Q9UGP4	A6NIX2
Q9UGP4	Q8WUP2
Q9UGP4	Q15942
Q9UIS9	Q9UIS9
O13585	O13585
P11717	P11717
Q9P0M2	Q9P0M2
Q9Y5P4	Q9Y5P4
Q13428	Q13428
P23624	P23624
Q3YBA8	Q3YBA8
Q3YBA8	P46077
Q3YBA8	Q01525
Q3YBA8	P48348
Q3YBA8	P62259
Q3YBA8	P62260
Q3YBA8	P48349
Q3YBA8	O57468
Q3YBA8	Q6ZKC0
Q3YBA8	Q9XEW5
Q3YBA8	P62258
Q3YBA8	P31947
Q3YBA8	P92177
Q3YBA8	P61981
Q3YBA8	P61982
Q3YBA8	P61983
Q3YBA8	Q04917
Q3YBA8	P68511
Q3YBA8	P68510
Q3YBA8	P29310
Q3YBA8	P63101
Q3YBA8	P31946
Q3YBA8	P63104
Q3YBA8	P27348
Q3YBA8	P63103
Q3YBA8	P41932
Q8IVM0	Q8IVM0
Q56061	Q56061
Q56061	A0A0F6B063
O75771	O75771
P0ABG4	P0ABG4
P0ABG4	B8H092
Q04338	Q04338
P41235	P41235
P41235	P43136
P50481	P50481
P50481	Q9UBR4
P50481	Q969G2
P50481	Q96A47
P50481	P61371
P50481	P61372
P50481	Q68G74
P50481	Q8TE12
P50481	Q9NQ69
P50481	P61968
P50481	P25800
P50481	Q8TAP4
P50481	P25791
Q7TPH6	Q7TPH6
G5ECW5	G5ECW5
Q76JQ2	Q76JQ2
P34756	P34756
Q5UMH8	Q5UMH8
Q5UMH8	P26022
P38915	P38915
Q96SF7	Q96SF7
Q96SF7	O43435
Q96SF7	Q16650
Q96SF7	P20293
Q96SF7	Q9JKD8
Q96SF7	P70326
Q9Y266	Q9Y266
Q06410	Q06410
Q2HR75	Q2HR75
Q9BQB4	Q9BQB4
G0S024	G0S024
Q13094	Q13094
Q9UBV8	Q9UBV8
Q9UBV8	P20807
Q9UBV8	P07384
Q9UBV8	P12815
Q9UBV8	O75340
Q9UBV8	P28676
Q9UBV8	P05044
Q15582	Q15582
O14777	O14777
Q9BXR5	Q9BXR5
Q9BXR5	Q9Y2C9
Q9BXR5	Q15399
Q9BXR5	O60603
Q9WVJ4	Q9WVJ4
Q9WVJ4	Q17RL8
Q9WVJ4	Q76G19
Q9WVJ4	Q24008
Q9WVJ4	Q8BH60
Q9WVJ4	Q9HD26
Q9WVJ4	O14910
Q9WVJ4	Q9NUP9
Q9WVJ4	Q62696
Q9WVJ4	Q63622
Q9WVJ4	Q62108
Q9WVJ4	Q62936
Q9WVJ4	P70175
Q9WVJ4	Q811D0
Q9WVJ4	Q12959
Q9WVJ4	Q8N3R9
Q9WVJ4	Q8TCX5
P36617	P36617
Q5FWF5	Q5FWF5
O74804	O74804
P57682	P57682
Q9BVC6	Q9BVC6
O49552	O49552
O49552	Q9M0V3
Q92900	Q92900
Q9URY2	Q9URY2
Q9NZ43	Q9NZ43
Q9JIY2	Q9JIY2
P63159	P63159
P63159	P26583
P63159	P63158
P63159	P23497
Q8N668	Q8N668
A6ND01	A6ND01
Q43295	Q43295
Q43295	Q02196
O75952	O75952
Q06604	Q06604
Q24478	Q24478
G0RUC2	G0RUC2
G0RUC2	Q9C9W9
G0RUC2	Q94BT6
P39905	P39905
Q12329	Q12329
O70552	O70552
O70552	P50616
O70552	P62324
P36046	P36046
Q5T2D3	Q5T2D3
Q70Z53	Q70Z53
Q9BX66	Q9BX66
Q9BX66	O94875
Q8TCY5	Q8TCY5
Q12114	Q12114
Q92325	Q92325
Q6PCD5	Q6PCD5
Q15554	Q15554
Q13371	Q13371
P32455	P32455
P32455	B2XWS1
Q9NPJ1	Q9NPJ1
Q96QU6	Q96QU6
Q8WWF3	Q8WWF3
H7C7G9	H7C7G9
H7C7G9	P16497
Q96D31	Q96D31
Q9H204	Q9H204
Q969G3	Q969G3
Q6PCT2	Q6PCT2
Q8WTS6	Q8WTS6
P91682	P91682
O95872	O95872
Q55436	Q55436
Q9NZD2	Q9NZD2
P23179	P23179
Q92985	Q92985
Q92985	A0ZVR0
Q14656	Q14656
Q9UJ70	Q9UJ70
Q01850	Q01850
O95150	O95150
Q6PJH3	Q6PJH3
Q6PJH3	Q99996
Q6PJH3	Q70FJ1
O94886	O94886
O43091	O43091
O43091	P0AD57
Q9HB07	Q9HB07
Q9HB07	P40093
P18405	P18405
O43572	O43572
Q80UU1	Q80UU1
Q5SHR6	Q5SHR6
P48380	P48380
O00213	O00213
O35464	O35464
O35464	Q92854
O35464	Q64151
O35464	O08665
O35464	Q62179
P43364	P43364
P43364	G5E962
P43364	P43362
P43364	P43360
P43364	P43365
P43364	P43356
P43364	Q9UBF1
P43364	O15481
P43364	P43361
P43364	P43358
P43364	P43355
P43364	Q96MG7
P43364	Q9Y5V3
P43364	Q96M61
P43364	Q9HAY2
Q9HXS2	Q9HXS2
P56976	P56976
Q9EQG6	Q9EQG6
P47111	P47111
O60500	O60500
P37019	P37019
P06702	P06702
P06702	P31725
P06702	P31949
P06702	P20930
Q9UPT5	Q9UPT5
Q183R6	Q183R6
Q9BSI4	Q9BSI4
Q9BSI4	Q9QXG9
P60201	P60201
Q03102	Q03102
Q03426	Q03426
P54252	P54252
Q93062	Q93062
Q93062	P53617
Q9BZV1	Q9BZV1
Q00403	Q00403
Q00403	P48512
Q9UPR3	Q9UPR3
Q99732	Q99732
Q99732	Q9JLJ0
Q9Y4X0	Q9Y4X0
Q9NZM1	Q9NZM1
Q86VW0	Q86VW0
P31224	P31224
P31224	P52002
Q07471	Q07471
P48582	P48582
P38768	P38768
P38768	Q9NWS0
P38768	Q9CQJ2
O08709	O08709
O08709	O35244
O08709	P73348
Q9WUN2	Q9WUN2
Q9WUN2	Q9UHD2
Q9WUN2	Q14164
Q9WUN2	Q86PE7
Q9WUN2	Q9VEZ5
Q9WUN2	O15111
Q9WUN2	Q60680
P32854	P32854
Q6WNK7	Q6WNK7
A1E959	A1E959
P40482	P40482
P17536	P17536
Q8SX86	Q8SX86
O14503	O14503
P51834	P51834
O54921	O54921
Q92556	Q92556
Q42453	Q42453
P40568	P40568
Q8WUI4	Q8WUI4
Q8WUI4	Q8C2B3
Q8WUI4	Q99N13
Q8WUI4	Q9UBN7
Q8WUI4	Q9Z2V5
Q8WUI4	P56524
Q96R06	Q96R06
Q9BVL2	Q9BVL2
P46983	P46983
Q86XK3	Q86XK3
Q9EP73	Q9EP73
Q9NVV4	Q9NVV4
Q6ZMZ0	Q6ZMZ0
Q8WZ55	Q8WZ55
Q8IY33	Q8IY33
Q8IY33	Q8N3F8
Q1W581	Q1W581
Q2TAC2	Q2TAC2
P09234	P09234
P09234	Q13435
P43618	P43618
Q8N0Z6	Q8N0Z6
P41832	P41832
P41832	Q5AL52
P41832	Q5AAF4
Q9H5I1	Q9H5I1
Q9H5I1	Q9H9B1
Q9H5I1	Q9Z148
Q9H5I1	Q96KQ7
Q9H5I1	Q15047
Q9H5I1	Q96T68
Q9H5I1	Q9NQR1
Q9H5I1	P20659
Q9H5I1	P42124
Q9H5I1	Q92800
Q9H5I1	Q61188
Q9H5I1	Q9UPS6
Q9H5I1	O15047
Q7Z2E3	Q7Z2E3
P03007	P03007
O14672	O14672
O95994	O95994
O95994	O95881
Q70J99	Q70J99
Q9QYK7	Q9QYK7
Q9QYK7	Q9Y3C5
Q9QYK7	Q9WTV7
Q9QYK7	Q86Y13
Q9QYK7	Q6ZNA4
Q9QYK7	Q96EP1
Q9BY77	Q9BY77
Q9L422	Q9L422
Q9L422	P0A3F4
Q9L422	Q9ZA65
Q9UJX0	Q9UJX0
P29503	P29503
Q9H115	Q9H115
P11989	P11989
O60888	O60888
Q06547	Q06547
Q06547	Q69ZU8
Q06547	P55273
Q06547	P42773
Q06547	P42771
Q06547	P42772
Q06547	Q8WVL7
Q06547	Q6AI12
Q06547	Q9VBP3
Q06547	Q9H2K2
Q06547	Q9Z2X2
Q06547	O75832
Q06547	Q92882
Q06547	Q10728
Q06547	O14974
Q06547	Q9BZL4
Q06547	Q96I34
Q06547	Q96T49
Q06547	Q13625
Q06547	Q05BL1
Q06547	Q8WUF5
Q5W0Q7	Q5W0Q7
Q9UJ71	Q9UJ71
Q0P5N6	Q0P5N6
Q15532	Q15532
Q8L5W7	Q8L5W7
Q9Y624	Q9Y624
P47069	P47069
Q9Y4U1	Q9Y4U1
Q07021	Q07021
P0A1N2	P0A1N2
Q84T94	Q84T94
Q15583	Q15583
Q14526	Q14526
Q5VW32	Q5VW32
Q9Z1E4	Q9Z1E4
Q9Z1E4	Q9VFC8
P20810	P20810
Q8SY33	Q8SY33
P31111	P31111
Q96SB8	Q96SB8
Q8IZL8	Q8IZL8
P31386	P31386
Q14242	Q14242
Q14242	A0A0C4DFY0
Q7Z3B4	Q7Z3B4
Q95RA8	Q95RA8
Q95RA8	Q9H8S9
Q95RA8	Q70IA8
Q5KLS3	Q5KLS3
Q8NI22	Q8NI22
Q9C932	Q9C932
P70196	P70196
Q96PV4	Q96PV4
Q96PV4	Q9UL42
Q96PV4	Q8ND90
Q96PV4	Q96BY2
Q96PV4	Q6PEW1
Q86V81	Q86V81
Q99519	Q99519
Q8BHK6	Q8BHK6
Q8BHK6	Q9HBG7
P33400	P33400
P33301	P33301
Q12315	Q12315
Q96CB9	Q96CB9
Q9NUN5	Q9NUN5
Q6ZU65	Q6ZU65
Q6ZU65	Q9NPG3
Q9LD83	Q9LD83
Q53YP1	Q53YP1
Q53YP1	Q5S3G3
Q53YP1	P17693
Q53YP1	A0A583ZBW8
Q53YP1	A0A583ZBW7
Q53YP1	P10321
Q53YP1	P01889
Q53YP1	Q30201
Q03921	Q03921
Q6UX39	Q6UX39
P21651	P21651
Q16555	Q16555
Q16555	Q14195
Q16555	Q9BPU6
Q00566	Q00566
Q08109	Q08109
P46946	P46946
P34897	P34897
P34897	P0A825
P34897	P34896
P72742	P72742
O34843	O34843
Q8N344	Q8N344
Q8IV16	Q8IV16
Q8YT39	Q8YT39
Q8R5F7	Q8R5F7
Q8R5F7	Q6Q899
Q8R5F7	O95786
P38822	P38822
Q96JN2	Q96JN2
Q9NS64	Q9NS64
Q6ZYL4	Q6ZYL4
A0A024R0Y4	A0A024R0Y4
Q3MIX3	Q3MIX3
Q24434	Q24434
P54577	P54577
P26717	P26717
Q9H3H3	Q9H3H3
Q96BD8	Q96BD8
P49023	P49023
P49023	Q8VI36
P49023	P49024
P49023	Q62219
P49023	P48059
Q15696	Q15696
P42939	P42939
Q9Y3E2	Q9Y3E2
Q9NX01	Q9NX01
Q96KM6	Q96KM6
Q13535	Q13535
P15289	P15289
P30275	P30275
P60228	P60228
Q6ZWJ1	Q6ZWJ1
P55265	P55265
P55265	P78563
Q9HDB5	Q9HDB5
Q9HDB5	P58400
Q9HDB5	Q63373
Q9NZN9	Q9NZN9
Q9NZN9	O00170
P06914	P06914
Q91572	Q91572
Q17635	Q17635
P29353	P29353
P29353	P98083
Q7LBR1	Q7LBR1
Q9NPQ8	Q9NPQ8
Q9Y3B2	Q9Y3B2
P17861	P17861
Q02930	Q02930
Q02930	P15336
P29692	P29692
P0AGB3	P0AGB3
Q15543	Q15543
Q9BZL3	Q9BZL3
Q92759	Q92759
Q99ML1	Q99ML1
Q99ML1	Q9BXH1
Q9BQD3	Q9BQD3
Q9UM82	Q9UM82
O60341	O60341
Q7L775	Q7L775
Q24564	Q24564
Q24564	P35240
Q24564	G3HWC3
Q24564	Q5WQV5
Q24564	P26038
Q24564	P15311
Q24564	Q9WTP0
P77689	P77689
Q9Y3C0	Q9Y3C0
O43561	O43561
Q14032	Q14032
Q9RPY1	Q9RPY1
Q9UBK7	Q9UBK7
Q9UBK7	P41916
Q9UBK7	P62826
Q9UBK7	P62827
Q9UBK7	P32835
Q9UBK7	Q9BSW2
O75344	O75344
O75344	P62942
Q9H0Y0	Q9H0Y0
Q5T4B2	Q5T4B2
O94642	O94642
Q12495	Q12495
Q12495	Q1MTN9
P37370	P37370
Q9Y698	Q9Y698
Q9Y698	Q71RJ2
O46411	O46411
Q9NPC6	Q9NPC6
Q9H898	Q9H898
Q9H898	Q5H9K5
G0S5G3	G0S5G3
G0S5G3	P63027
G0S5G3	Q15836
G0S5G3	P63045
G0S5G3	O70404
G0S5G3	P70280
G0S5G3	P51809
G0S5G3	O75379
Q9LKW9	Q9LKW9
O60610	O60610
O60610	O08808
Q9Y6N9	Q9Y6N9
Q9UFW8	Q9UFW8
Q9WZF8	Q9WZF8
Q9BXS4	Q9BXS4
Q9P2R7	Q9P2R7
P29372	P29372
O43557	O43557
A0A0B4J1S8	A0A0B4J1S8
A0A0B4J1S8	P42356
Q13129	Q13129
P48551	P48551
Q13227	Q13227
Q9H9H4	Q9H9H4
Q9H9H4	Q12446
Q9H9H4	A5D8V6
Q9UGL1	Q9UGL1
Q8WWB5	Q8WWB5
P09619	P09619
P09619	P00528
P09619	P07948
P09619	P07947
P09619	P05480
P09619	P00523
P09619	G3GXX7
P09619	Q9WUD9
P09619	P08631
P09619	P06240
P09619	P39688
P09619	P06241
P09619	P51451
P09619	P42685
P09619	Q02763
P09619	Q61006
Q9H019	Q9H019
P33931	P33931
Q8TAM1	Q8TAM1
Q9H4K1	Q9H4K1
Q9H4K1	Q8N443
Q8IZE3	Q8IZE3
Q9UMW8	Q9UMW8
Q9UMW8	Q9Y2K6
P50503	P50503
E2RZS2	E2RZS2
E2RZS2	P08362
Q8NEV9	Q8NEV9
P23142	P23142
P23142	Q12805
P23142	Q9UBX5
P23142	O95967
P23142	Q96RW7
Q8IXM6	Q8IXM6
Q9UK97	Q9UK97
O00418	O00418
Q9X2V7	Q9X2V7
P53853	P53853
Q9V393	Q9V393
Q9V393	P29066
Q9V393	P32121
Q9V393	P49407
Q9V393	P29067
Q9V393	Q91YI4
Q9V393	P36575
Q9V393	P08168
Q14558	Q14558
Q14558	P60891
Q14558	P11908
Q9NR28	Q9NR28
Q9NR28	Q9JIQ3
Q8WW35	Q8WW35
A5HZZ4	A5HZZ4
P53999	P53999
Q55168	Q55168
Q55168	P37894
Q55168	A0A0H3AL40
Q18PE0	Q18PE0
Q8WXK3	Q8WXK3
Q8WXK3	Q94527
O00899	O00899
Q9Y3F4	Q9Y3F4
Q9XTY6	Q9XTY6
Q9XTY6	Q3MUI1
Q1JV40	Q1JV40
Q7Z5P4	Q7Z5P4
Q7Z5P4	Q96NR8
Q7Z5P4	Q9NZC7
Q12330	Q12330
Q96T37	Q96T37
Q53389	Q53389
Q5ZUS4	Q5ZUS4
Q5VWX1	Q5VWX1
Q5VWX1	O75525
Q5VWX1	Q96PU8
Q99961	Q99961
Q99961	Q8IVP1
Q99961	O35964
Q99961	O35179
Q99961	Q99962
Q99961	Q99963
P04499	P04499
Q1JQ97	Q1JQ97
Q1JQ97	Q96RK4
Q96BW1	Q96BW1
Q6ZQE4	Q6ZQE4
P38432	P38432
Q00416	Q00416
Q7Z5K2	Q7Z5K2
P55209	P55209
Q9Z0H3	Q9Z0H3
Q9Z0H3	Q12824
O01901	O01901
Q9HAW4	Q9HAW4
O08700	O08700
Q8KNP2	Q8KNP2
P21190	P21190
O00311	O00311
P05113	P05113
Q9H267	Q9H267
P03052	P03052
P38328	P38328
Q96RL1	Q96RL1
P11071	P11071
P51808	P51808
O95817	O95817
P01731	P01731
Q8N9N8	Q8N9N8
O08722	O08722
O08722	Q8K1S3
O08722	Q8IZJ1
P17426	P17426
P17426	O95782
P17426	P18484
P17426	P17427
Q8IYS0	Q8IYS0
Q9NRQ2	Q9NRQ2
Q9NRQ2	Q9NRY6
Q9NRQ2	O15162
Q96CV9	Q96CV9
Q96CV9	Q9Y6K9
Q96CV9	O88522
Q15154	Q15154
Q8WZ19	Q8WZ19
Q8WZ19	Q8WVF5
Q8WZ19	Q8NC69
Q8WZ19	Q719H9
Q7L8L6	Q7L8L6
Q8NBP7	Q8NBP7
Q9UHP3	Q9UHP3
Q04712	Q04712
P61024	P61024
O00221	O00221
O00221	O54910
O00221	P20749
O00221	Q9P2R3
O00221	Q15653
O00221	Q91974
O00221	P25963
Q13158	Q13158
Q13158	Q92851
Q13158	P42575
Q13158	P55215
Q13158	P55211
Q13158	P97864
Q13158	P55210
Q13158	P70677
Q13158	P42574
Q13158	Q9JHX4
Q13158	Q14790
Q13158	P42573
P0C2W0	P0C2W0
Q12675	Q12675
Q12675	P32660
Q12675	O43520
Q12675	P39524
F4I0K2	F4I0K2
F4I0K2	Q9M394
Q9Y287	Q9Y287
Q9NS73	Q9NS73
Q70UQ0	Q70UQ0
Q9JK83	Q9JK83
Q9JK83	Q9NAN2
Q9JK83	O97111
Q9JK83	Q9NPB6
Q08334	Q08334
Q13867	Q13867
P08173	P08173
P08173	P08485
P08173	P08172
P08173	P32239
Q96N67	Q96N67
Q96N67	Q8NF50
Q96Q35	Q96Q35
Q9UWW1	Q9UWW1
P21580	P21580
Q9NRM2	Q9NRM2
Q14678	Q14678
Q14678	Q63ZY3
P50749	P50749
P25322	P25322
P25322	P30279
P25322	P24385
P25322	P30281
P25322	P54733
P25322	P24864
Q9UMF0	Q9UMF0
Q92K05	Q92K05
Q96LW7	Q96LW7
Q9NR97	Q9NR97
Q96HA9	Q96HA9
Q8NFA2	Q8NFA2
Q42384	Q42384
P03182	P03182
P39838	P39838
Q9D8X5	Q9D8X5
Q9D8X5	Q60809
Q9D8X5	Q9UFF9
Q9D8X5	Q9UIV1
P55081	P55081
P54841	P54841
P54841	P54845
P21266	P21266
P21266	P46439
P21266	Q03013
Q8IU80	Q8IU80
Q8IU80	P00747
Q8IU80	Q9Y337
Q8IU80	O15393
Q8IU80	Q5S248
P38351	P38351
P38770	P38770
Q7TN08	Q7TN08
Q9BY67	Q9BY67
Q9ERE7	Q9ERE7
O76080	O76080
Q96LL9	Q96LL9
Q96LL9	Q9H3Z4
Q96LL9	O14213
Q4VCS5	Q4VCS5
Q4VCS5	Q9Y2J4
P31424	P31424
P31424	Q3UVX5
P31424	P23385
P31424	P35400
P31424	O00222
P0A9R7	P0A9R7
P0A9R7	Q9VSS1
P0A9R7	Q6SSD8
O35002	O35002
P74593	P74593
P74593	P73492
P28799	P28799
Q05637	Q05637
P53897	P53897
Q8WXD9	Q8WXD9
P54852	P54852
P54852	Q01453
P84101	P84101
P39066	P39066
O75533	O75533
Q6V1L5	Q6V1L5
P53629	P53629
P53629	P25628
Q9NV31	Q9NV31
P38526	P38526
O95477	O95477
O95477	Q99758
Q9BVK2	Q9BVK2
O14678	O14678
Q7D3V8	Q7D3V8
Q5JST6	Q5JST6
Q5JST6	Q5JVL4
Q13049	Q13049
Q8TBP5	Q8TBP5
P30291	P30291
P30291	Q8QGV2
P29218	P29218
Q96G97	Q96G97
P20962	P20962
Q9BZE9	Q9BZE9
Q8NI08	Q8NI08
P13382	P13382
P13382	P33609
O75190	O75190
O75190	Q96EY1
O75190	P25491
O75190	P31689
O75190	P08622
O75190	Q99KV1
O75190	Q9UBS4
O75190	P25294
Q03175	Q03175
Q15714	Q15714
Q15714	Q9Y3Q8
Q9Y6I7	Q9Y6I7
Q5JSL3	Q5JSL3
Q5JSL3	Q9BZ29
Q775D8	Q775D8
P11978	P11978
P40189	P40189
O08712	O08712
O08712	O00300
O08712	P25942
O08712	O95407
O08712	Q92956
Q8TCD5	Q8TCD5
P06971	P06971
Q6P2E9	Q6P2E9
O95257	O95257
O95257	Q9Z111
P14210	P14210
P14210	Q15661
O95980	O95980
O95980	Q9Z0J1
Q9Y4C1	Q9Y4C1
P07091	P07091
P07091	P26447
P07091	P29034
P07091	P25815
P07091	P06703
P07091	P23297
P07091	P56565
P07091	P04271
P07091	P60903
P35190	P35190
Q9QX47	Q9QX47
Q9QX47	P18583
O74465	O74465
Q77Q71	Q77Q71
Q77Q71	Q9DGW5
P42166	P42166
P15275	P15275
P15275	P0AFX4
P04578	P04578
Q00978	Q00978
Q6P499	Q6P499
Q8NCA5	Q8NCA5
B1Q236	B1Q236
Q08214	Q08214
P10238	P10238
Q5ZSQ3	Q5ZSQ3
Q93038	Q93038
Q1PLI0	Q1PLI0
Q9Y5B8	Q9Y5B8
Q9Y5B8	P56597
Q9Y5B8	O64903
Q9Y5B8	Q05982
Q9Y5B8	P15531
Q9Y5B8	O00746
Q9Y5B8	Q13232
Q9NX58	Q9NX58
P9WGH9	P9WGH9
P56962	P56962
Q9BXW4	Q9BXW4
Q9BXW4	Q9H492
Q9BXW4	Q9GZQ8
Q9BXW4	Q9CQV6
Q9BXW4	Q8IJK2
Q9BXW4	P38182
Q9BXW4	P60520
Q9BXW4	Q9W2S2
Q9BXW4	O95166
Q9BXW4	Q9H0R8
Q9BXW4	Q6IAW1
P62263	P62263
Q13315	Q13315
Q14990	Q14990
G3H0F0	G3H0F0
G3H0F0	Q96ST3
Q8N3U4	Q8N3U4
Q9Y2W2	Q9Y2W2
Q9Y230	Q9Y230
Q9Y230	Q9Y265
P0AFA2	P0AFA2
Q9NXW9	Q9NXW9
Q3T1J5	Q3T1J5
Q3T1J5	Q12955
Q3T1J5	Q01484
Q3T1J5	P16157
Q9BYV2	Q9BYV2
P61326	P61326
Q96TL7	Q96TL7
P62270	P62270
Q96QB1	Q96QB1
Q8XH11	Q8XH11
O75152	O75152
P45956	P45956
Q9UGL9	Q9UGL9
Q8WXG1	Q8WXG1
P04843	P04843
Q8LGD5	Q8LGD5
Q15038	Q15038
O14931	O14931
P23560	P23560
O95139	O95139
Q9D1P4	Q9D1P4
Q9D1P4	Q9SE33
Q9USL5	Q9USL5
Q9USL5	P33309
Q9USL5	Q9BRX2
Q9WU78	Q9WU78
O43488	O43488
O43488	O95154
Q8IUI8	Q8IUI8
P39001	P39001
Q62881	Q62881
Q62881	Q9BX69
Q9NPJ4	Q9NPJ4
B7UI22	B7UI22
P03120	P03120
Q96FV9	Q96FV9
Q99380	Q99380
Q67684	Q67684
P09012	P09012
P09012	P08579
O14950	O14950
O14950	P19105
O14950	P24844
O14950	P51667
O14950	P53141
Q15109	Q15109
Q9BG77	Q9BG77
Q9BG77	P30556
Q9BG77	P25095
P21541	P21541
P21541	Q9C0D3
P27824	P27824
P27824	Q8K3H8
P27824	P27797
Q9UJX5	Q9UJX5
Q8TC90	Q8TC90
P36054	P36054
Q06287	Q06287
Q06287	Q92979
A0A0H2X3K2	A0A0H2X3K2
A0A0H2X3K2	A0A0H2X9F2
A0A0H2X3K2	A0A0H2X560
A0A0H2X3K2	A0A0H2XAR9
A0A0H2X3K2	A0A0H2X359
Q04636	Q04636
D5K228	D5K228
Q9Y6Y9	Q9Y6Y9
P31554	P31554
Q13685	Q13685
P06401	P06401
P06401	P06537
P06401	P04150
P06401	Q92731
P06401	O08537
P06401	P19785
P06401	P03372
P06401	P62508
P06401	P11474
P0C2L3	P0C2L3
Q96QT6	Q96QT6
Q96QT6	Q5SPL2
P38285	P38285
P46952	P46952
Q8N9Q2	Q8N9Q2
Q7Z628	Q7Z628
Q7Z628	Q9NR81
P31345	P31345
P31345	A0A0K1LEV0
P31345	C8XKY2
P31345	P03427
Q8N490	Q8N490
Q9NW97	Q9NW97
Q6P988	Q6P988
Q6P1L5	Q6P1L5
P46957	P46957
P46957	P87324
P08839	P08839
Q8TB24	Q8TB24
G5EEG7	G5EEG7
Q96IQ9	Q96IQ9
Q14019	Q14019
P13001	P13001
P04798	P04798
P04798	Q96SQ9
P34909	P34909
Q96B21	Q96B21
Q9Y6M7	Q9Y6M7
Q9Y6M7	Q9Y6R1
Q9Y6M7	P02730
P11309	P11309
P38272	P38272
Q9NYZ3	Q9NYZ3
Q9NYF8	Q9NYF8
P41221	P41221
P41221	P22725
P41221	O00755
P41221	P27467
P41221	P56704
P39007	P39007
P97953	P97953
P54727	P54727
P54727	P54725
P54727	P32628
P54727	Q84L33
P54727	Q84L32
Q53FP2	Q53FP2
P50570	P50570
P50570	Q9UQ16
P50570	Q05193
P50570	P39053
P50570	P39052
P50570	O35303
P50570	O00429
P50570	Q8K1M6
Q8N4V1	Q8N4V1
P04075	P04075
P04075	P09972
P26373	P26373
Q05086	Q05086
Q05086	P46934
Q05086	P46935
Q05086	Q96PU5
Q05086	Q9H0M0
Q05086	O00308
Q05086	Q9HCE7
Q05086	A2A5Z6
Q05086	Q9HAU4
Q05086	P39940
Q8IY92	Q8IY92
P19824	P19824
Q96Q05	Q96Q05
O95721	O95721
P61970	P61970
Q9UHY1	Q9UHY1
Q9UHY1	Q9BYP7
Q9UHY1	Q96J92
Q9UHY1	Q80UE6
A0A0H2X9J2	A0A0H2X9J2
Q92934	Q92934
O95363	O95363
O15078	O15078
P0A6S5	P0A6S5
Q8WZ59	Q8WZ59
Q01433	Q01433
Q01433	Q01432
Q9Y228	Q9Y228
Q9Y3A2	Q9Y3A2
Q02821	Q02821
Q02821	O00505
Q02821	O00629
Q02821	P52292
Q02821	O15131
Q02821	P52294
Q02821	O60684
P33240	P33240
Q9H2F9	Q9H2F9
Q86TG7	Q86TG7
P10636	P10636
P10636	P19332
P10636	P20357
Q9NZZ3	Q9NZZ3
P19447	P19447
P38507	P38507
Q5AH02	Q5AH02
P04004	P04004
Q14919	Q14919
P04424	P04424
P04424	P04076
Q9UGP5	Q9UGP5
Q9UGP5	P06746
Q9UGP5	Q9NP87
P78314	P78314
P78314	Q06649
Q13569	Q13569
P07953	P07953
P05091	P05091
P45695	P45695
P45695	P45592
P45695	P60981
P45695	Q9Y281
P45695	P23528
P45695	P0DJ26
P36029	P36029
P25588	P25588
O55106	O55106
O13978	O13978
Q01721	Q01721
Q99NC0	Q99NC0
O36019	O36019
Q92845	Q92845
Q12098	Q12098
Q5JR59	Q5JR59
Q9Y5N6	Q9Y5N6
Q8C0V1	Q8C0V1
Q8C0V1	Q8NA31
Q55389	Q55389
Q9Y4E5	Q9Y4E5
Q8IWE5	Q8IWE5
Q5JX71	Q5JX71
Q68CZ1	Q68CZ1
Q68CZ1	Q96KN7
O08734	O08734
P03209	P03209
P23508	P23508
Q8N137	Q8N137
P39718	P39718
Q9UQ84	Q9UQ84
Q9UQ84	P39875
P06772	P06772
Q96HB5	Q96HB5
Q96HB5	Q3KP66
Q9F4H4	Q9F4H4
Q7Z4W1	Q7Z4W1
Q8NFF5	Q8NFF5
O54718	O54718
O54718	P81122
O54718	P35568
O54718	P35570
O54718	P35569
Q9BZZ5	Q9BZZ5
P55892	P55892
Q63HK5	Q63HK5
Q08242	Q08242
P06101	P06101
P06101	O94740
Q12019	Q12019
Q12416	Q12416
P03027	P03027
P03027	O67198
P02724	P02724
P02724	P06028
P02724	B8Q183
Q27934	Q27934
P28905	P28905
Q6NUP7	Q6NUP7
Q8WWY6	Q8WWY6
Q8WWY6	Q9UBB5
P37238	P37238
P37238	P37231
P37238	Q07869
P37238	Q96RI1
P37238	F1D8P7
P37238	P55055
P37238	Q13133
Q5T2E6	Q5T2E6
P32526	P32526
Q08850	Q08850
Q08850	Q12846
Q08850	Q13277
Q08850	Q16623
Q08850	O35526
P06100	P06100
P06100	O75175
Q9J4B7	Q9J4B7
P33748	P33748
A0A0H3NKV4	A0A0H3NKV4
O59757	O59757
Q02818	Q02818
Q03468	Q03468
Q03468	Q9Y620
Q03468	Q92698
Q03468	Q8SVZ5
Q03468	Q6EVK6
Q03468	Q14839
Q03468	P22082
Q03468	Q86WJ1
Q03468	Q3TKT4
Q03468	P51531
Q03468	Q9P2D1
Q03468	O14646
Q03468	Q9HCK8
Q9UUB5	Q9UUB5
Q53682	Q53682
Q8WW34	Q8WW34
Q8N5R6	Q8N5R6
Q8IYI6	Q8IYI6
Q99MS3	Q99MS3
Q15742	Q15742
Q5M9N0	Q5M9N0
P17799	P17799
P38920	P38920
P38920	P40692
P38270	P38270
Q03406	Q03406
P08887	P08887
P01558	P01558
Q9Q0V0	Q9Q0V0
Q9Q0V0	P03431
Q8IX07	Q8IX07
Q8IX07	O35615
Q99728	Q99728
Q8N205	Q8N205
Q8IWE4	Q8IWE4
Q15468	Q15468
P32523	P32523
Q9ULJ1	Q9ULJ1
P22203	P22203
P40586	P40586
Q9R8E4	Q9R8E4
Q9DUM3	Q9DUM3
Q9Y237	Q9Y237
P26449	P26449
P38734	P38734
Q8VHY0	Q8VHY0
P41810	P41810
P41810	P53618
Q8TD16	Q8TD16
Q8TD16	Q921C5
Q8NHQ1	Q8NHQ1
Q4LDX8	Q4LDX8
Q4LDX8	Q9P2X0
P14174	P14174
Q12874	Q12874
P14779	P14779
Q71F23	Q71F23
Q8NEZ5	Q8NEZ5
Q04003	Q04003
Q9BSU1	Q9BSU1
Q923J1	Q923J1
Q6PID6	Q6PID6
P43221	P43221
O35625	O35625
O35625	O70239
O35625	Q14DJ8
O35625	O88566
Q8XAP0	Q8XAP0
Q97Z83	Q97Z83
Q5T5P2	Q5T5P2
P33895	P33895
O95273	O95273
P32389	P32389
P22891	P22891
Q7CLS3	Q7CLS3
Q7CLS3	P40939
Q7CLS3	Q08426
P72854	P72854
Q9BV19	Q9BV19
O15040	O15040
Q3V5L5	Q3V5L5
Q14296	Q14296
P0AEJ4	P0AEJ4
P0AEJ4	P0AE82
Q9LQZ7	Q9LQZ7
Q9LQZ7	Q9SYM2
Q9LQZ7	Q96288
Q9LQZ7	Q9SID1
Q9NZ42	Q9NZ42
Q14517	Q14517
Q04437	Q04437
Q86XK2	Q86XK2
P53990	P53990
P22301	P22301
Q8IUH5	Q8IUH5
Q8IUH5	Q9C0D5
O32164	O32164
P35070	P35070
P35070	P01135
P35070	P01134
Q9XII1	Q9XII1
Q93088	Q93088
Q01344	Q01344
P48598	P48598
P48598	P07260
P48598	O60573
Q9Z2X8	Q9Z2X8
Q9Z2X8	Q14145
Q9Z2X8	Q9Y2M5
Q9Z2X8	Q6JEL2
Q9Z2X8	O95198
Q9Z2X8	Q9UH77
Q9Z2X8	Q53G59
Q9Z2X8	Q8IXQ5
A1Z0P7	A1Z0P7
P31513	P31513
P31513	Q01740
Q7RTN6	Q7RTN6
Q7RTN6	Q3UUJ4
O43707	O43707
O43707	P35609
O43707	Q08043
O43707	P12814
O43707	P05094
O43707	Q01082
O43707	Q13813
O43707	Q03001
O43707	Q9UPN3
O43707	Q8NF91
O43707	Q9QXS1
O43707	Q15149
Q8ZNR3	Q8ZNR3
Q9Y2Q3	Q9Y2Q3
Q92562	Q92562
Q92562	P42837
Q9QWY8	Q9QWY8
Q9QWY8	O43150
O13851	O13851
P30154	P30154
P30154	P30153
P30154	Q76MZ3
Q9UL19	Q9UL19
Q92783	Q92783
Q92783	O75886
Q96I24	Q96I24
Q9NRA8	Q9NRA8
Q7RSF0	Q7RSF0
Q9HWR3	Q9HWR3
P53507	P53507
O43502	O43502
P48581	P48581
V6BMM3	V6BMM3
O75638	O75638
Q00816	Q00816
Q9NTK1	Q9NTK1
Q04658	Q04658
Q9UTE3	Q9UTE3
Q06148	Q06148
P35497	P35497
P35497	Q07786
P35497	Q07993
P35497	Q00796
P32334	P32334
Q5T700	Q5T700
Q8IV31	Q8IV31
P50524	P50524
Q9GZT8	Q9GZT8
Q9NQT4	Q9NQT4
P48775	P48775
Q9BPX1	Q9BPX1
Q9BPX1	Q9BUT1
Q01718	Q01718
Q13228	Q13228
P0AC51	P0AC51
P66817	P66817
Q14596	Q14596
P11207	P11207
P11207	P0C774
Q86YQ8	Q86YQ8
P03126	P03126
P52756	P52756
Q9M2K4	Q9M2K4
Q9M2K4	F4IN23
P11926	P11926
P11926	O14977
P32447	P32447
P32447	Q3C1E9
P32447	Q9NVP2
P32447	Q9Y294
P32447	Q19326
P32447	Q9LS09
P9WJA9	P9WJA9
P9WJA9	P46014
P30039	P30039
Q9UM73	Q9UM73
Q9UM73	P07949
Q8N8K9	Q8N8K9
Q5JXC2	Q5JXC2
Q9QZ85	Q9QZ85
Q10337	Q10337
F1SKJ2	F1SKJ2
F1SKJ2	Q99757
F1SKJ2	P52231
F1SKJ2	P29448
F1SKJ2	P09856
F1SKJ2	P73263
F1SKJ2	Q9M7X9
F1SKJ2	P13667
F1SKJ2	G3IDT6
F1SKJ2	P07237
F1SKJ2	Q8NBS9
F1SKJ2	P17967
F1SKJ2	Q4VIT4
F1SKJ2	P30101
P04958	P04958
P04958	Q60393
P04958	P10844
P04958	B1INP5
P04958	Q57236
P04958	P0DPI0
Q10154	Q10154
Q07986	Q07986
P50284	P50284
P50284	P26842
P39929	P39929
P39929	Q9H444
P39929	Q9BY43
Q07412	Q07412
Q8C6E0	Q8C6E0
G5EFM0	G5EFM0
P61916	P61916
P73829	P73829
Q96EF0	Q96EF0
Q96EF0	Q9Y216
Q96EF0	Q96QG7
Q96EF0	Q13613
Q96EF0	Q13496
Q99569	Q99569
Q99569	O60716
Q99569	P30999
Q99569	Q99959
Q99569	Q9Y446
O14936	O14936
O14936	Q9UQM7
O14936	P11275
O14936	Q24210
O14936	Q13554
O14936	P08413
O14936	Q13557
O14936	Q00168
O14936	P28652
O14936	Q6PHZ2
O14936	Q14168
O14936	Q6NLQ6
O14936	Q38869
O14936	Q39016
O14936	P53355
O14936	Q9ZSA2
O14936	Q9M101
O14936	O43293
O14936	Q9UIK4
O14936	O54784
O14936	O88764
O14936	A0AAR7
O14936	Q16644
P08588	P08588
P08588	P34971
P08588	P08908
P08588	P35348
P08588	P35462
P08588	P97288
P08588	P07550
P08588	P51436
P08588	P29274
P08588	P28222
P08588	P28335
P11716	P11716
P11716	E9Q401
A1E140	A1E140
P07013	P07013
P30536	P30536
P39721	P39721
O00116	O00116
P45779	P45779
Q8TF05	Q8TF05
P51859	P51859
P51859	Q3UMU9
Q15645	Q15645
P22219	P22219
Q96CM8	Q96CM8
Q9Y5B0	Q9Y5B0
Q91UR4	Q91UR4
Q91UR4	Q7CEG3
P14647	P14647
A8MZ59	A8MZ59
A8MZ59	Q91ZK4
A8MZ59	Q7YRX0
A8MZ59	P32242
A8MZ59	P80206
A8MZ59	P24610
A8MZ59	O43186
A8MZ59	Q9XSK0
A8MZ59	Q02548
A8MZ59	P26367
A8MZ59	Q3KNR5
A8MZ59	O15266
A8MZ59	Q9BQY4
A8MZ59	Q99697
A8MZ59	P78337
P53220	P53220
O43242	O43242
Q13490	Q13490
Q13490	Q9R016
Q13490	Q13075
Q13490	Q96CA5
Q13490	P98170
Q13490	Q60989
Q14457	Q14457
Q14457	O88597
Q14457	Q4A1L4
Q14457	A8MW95
P09430	P09430
O43298	O43298
O43298	Q96C00
Q8KLS0	Q8KLS0
P11049	P11049
P11049	P27701
P30935	P30935
P30935	P35414
P30935	P41143
P30935	Q969F8
P30935	P49683
P30935	Q8TDU9
P30935	O00155
P12954	P12954
P43601	P43601
P02649	P02649
P71021	P71021
P0DJM0	P0DJM0
Q9P127	Q9P127
Q9BXF6	Q9BXF6
P38682	P38682
P93024	P93024
Q8N6U8	Q8N6U8
Q9NQ90	Q9NQ90
P47129	P47129
Q8ZRG8	Q8ZRG8
Q8ZRG8	P52477
Q8N335	Q8N335
Q9C026	Q9C026
O43918	O43918
P02786	P02786
Q09066	Q09066
P9WJ69	P9WJ69
P02794	P02794
P02794	P02792
P02647	P02647
Q9SZN1	Q9SZN1
Q9SZN1	P11574
O95202	O95202
P38881	P38881
Q9AD92	Q9AD92
Q08446	Q08446
Q08446	Q9SUT5
Q08446	Q9SUR9
Q08446	Q9Y2Z0
Q08446	B4DYC6
P21941	P21941
P21941	O15232
P21941	Q9P218
Q9NZD8	Q9NZD8
Q6PI26	Q6PI26
Q5T9L3	Q5T9L3
Q13323	Q13323
Q9Y530	Q9Y530
P0AFI2	P0AFI2
Q9XIB5	Q9XIB5
Q9BZD2	Q9BZD2
Q9BZD2	Q99808
O32163	O32163
O32163	Q9H1K1
O32163	P0ACD6
Q13257	Q13257
Q13257	O14417
Q13257	Q9NGT3
Q96GS6	Q96GS6
Q02793	Q02793
P63211	P63211
P11433	P11433
P11433	D1MYR8
P73376	P73376
Q9H9C1	Q9H9C1
Q55980	Q55980
P86479	P86479
P86479	P86478
Q9H8K7	Q9H8K7
Q9CQY1	Q9CQY1
Q9CQY1	Q9LVK3
Q13422	Q13422
Q13422	Q9UKT9
Q13422	Q99684
Q14802	Q14802
Q9UHD9	Q9UHD9
Q9UHD9	Q9UMX0
Q9UHD9	Q9NRR5
Q9UHD9	Q9SII8
Q9UHD9	P48510
Q9UHD9	P46379
P48509	P48509
P48509	O60636
P05814	P05814
P05814	P02666
Q96AQ6	Q96AQ6
Q9VDJ9	Q9VDJ9
Q9Y5K3	Q9Y5K3
P10288	P10288
P10288	P15116
P10288	P09803
P10288	P12830
P10288	A5D8W4
P10288	P55288
P10288	Q3KNZ1
P10288	Q8VDK4
P10288	Q99PJ1
Q07748	Q07748
Q9NRF8	Q9NRF8
Q8N4V2	Q8N4V2
P47736	P47736
Q86UE4	Q86UE4
Q86UE4	Q80WJ7
Q93DY9	Q93DY9
Q93DY9	P0DO20
P60660	P60660
P60660	P62199
P60660	P0DP28
P60660	Q7DMN9
P60660	P0DH97
P60660	P0DH98
P60660	Q682T9
P60660	P0DP23
P60660	P62157
P60660	P27482
P49450	P49450
P49450	Q16695
P49450	P84228
P49450	Q71DI3
P49450	P59226
P49450	P68431
P49450	P61830
P49450	P84243
Q9Y5P3	Q9Y5P3
Q9Y653	Q9Y653
Q9Y653	Q8K209
P07263	P07263
P07263	P49590
P9WMQ5	P9WMQ5
P9WMQ5	P30958
Q9VHA0	Q9VHA0
Q12407	Q12407
A9UHW6	A9UHW6
Q17353	Q17353
P0ACF8	P0ACF8
P0ACF8	P0ACG1
Q9U3P2	Q9U3P2
A0A0F6B941	A0A0F6B941
P0DMC9	P0DMC9
O00204	O00204
O00204	O43704
O00204	P50225
O00204	Q9BR01
Q60855	Q60855
P07674	P07674
Q9Y397	Q9Y397
Q9Y397	Q06551
Q9Y397	Q8R173
Q9Y397	P42836
Q9Y397	Q8N966
Q5VWN6	Q5VWN6
O13684	O13684
Q2TBA0	Q2TBA0
Q76N32	Q76N32
Q7Z7G2	Q7Z7G2
P61764	P61764
P61764	Q15833
P24386	P24386
P25856	P25856
P25856	P50362
P25856	P04406
P25856	P46406
Q8IY57	Q8IY57
P10084	P10084
Q9P1A6	Q9P1A6
Q9P1A6	P97836
Q9P1A6	O14490
Q9SYX2	Q9SYX2
Q9SYX2	P43254
Q9SYX2	Q9R1A8
Q9SYX2	Q8NHY2
Q01196	Q01196
Q01196	Q03347
Q01196	Q13761
Q96DZ9	Q96DZ9
O15294	O15294
Q9GZR5	Q9GZR5
Q9GZR5	Q9NYP7
P29547	P29547
Q5ZRQ1	Q5ZRQ1
P47110	P47110
Q03154	Q03154
Q9NWT6	Q9NWT6
O89050	O89050
Q9NPE3	Q9NPE3
P32505	P32505
P05919	P05919
P05919	P19554
P05919	P69699
Q9ULP9	Q9ULP9
Q13586	Q13586
Q8IDQ2	Q8IDQ2
P29373	P29373
P29373	P02689
Q5TEJ8	Q5TEJ8
Q5TEJ8	Q8N1K5
Q5TEJ8	Q8BGW0
Q8MKI9	Q8MKI9
Q8MKI9	P51587
Q99707	Q99707
Q9Y3R0	Q9Y3R0
Q9Y3R0	Q925T6
Q9Y3R0	Q9WTW1
Q9Y3R0	P97879
Q9Y2X7	Q9Y2X7
P74729	P74729
Q9NYB0	Q9NYB0
Q96T51	Q96T51
P9WGX7	P9WGX7
Q9BQ66	Q9BQ66
Q9BQ66	Q9BYR5
Q9BQ66	Q9BYQ4
Q9BQ66	Q9BYQ2
Q8NB15	Q8NB15
P15104	P15104
P15104	O82560
Q8WXH5	Q8WXH5
Q14140	Q14140
P35613	P35613
P05161	P05161
P05161	R9QB93
P34078	P34078
P50549	P50549
Q8N157	Q8N157
P69423	P69423
Q86XR7	Q86XR7
P47741	P47741
P49247	P49247
P14713	P14713
P14713	P14712
P14713	Q10MG9
Q9BVN2	Q9BVN2
P40073	P40073
Q969L2	Q969L2
Q969L2	P21145
Q969L2	Q13021
P69425	P69425
P55011	P55011
P55011	Q13621
P55011	Q8THK8
Q10173	Q10173
Q6P9B6	Q6P9B6
Q18825	Q18825
P38764	P38764
P38764	Q13200
Q1PLH3	Q1PLH3
Q01524	Q01524
Q2NKQ1	Q2NKQ1
Q2NKQ1	Q8BPQ7
Q7Z783	Q7Z783
Q7Z783	O43597
Q7Z783	O43609
Q7Z783	Q9C004
P49411	P49411
P49411	A0A384ME17
P49411	P74227
P49411	P0CE47
Q6IQ20	Q6IQ20
Q8IVL1	Q8IVL1
Q00597	Q00597
Q12516	Q12516
P17065	P17065
Q9H175	Q9H175
P08877	P08877
Q08484	Q08484
Q08484	Q9NU19
Q8X482	Q8X482
Q5TD97	Q5TD97
Q5TD97	Q13643
Q5TD97	Q14192
Q5TD97	P53669
Q5TD97	P53667
Q5TD97	P53670
Q96CD2	Q96CD2
P15380	P15380
P15380	P41815
P15380	P32487
P15380	P04817
P15380	P38090
Q764M6	Q764M6
Q49A26	Q49A26
Q9NWN3	Q9NWN3
Q12206	Q12206
P0ACB0	P0ACB0
P0ACB0	Q9X4C9
Q6PAL8	Q6PAL8
Q9HB96	Q9HB96
P11938	P11938
P71590	P71590
Q13740	Q13740
P49901	P49901
P06974	P06974
Q99K10	Q99K10
Q99K10	Q62765
Q99K10	Q62888
Q99K10	Q8N0W4
P51511	P51511
P51511	P50281
P51511	Q9H239
Q9UL45	Q9UL45
Q96JN0	Q96JN0
Q8NA54	Q8NA54
Q9F4H2	Q9F4H2
P16109	P16109
Q86WS4	Q86WS4
Q9UL15	Q9UL15
Q494U1	Q494U1
O60828	O60828
Q9BRG1	Q9BRG1
Q8N5S9	Q8N5S9
Q8N5S9	Q5HZ38
Q8N5S9	Q93V58
Q8N5S9	O14965
Q8N5S9	Q9FX43
Q8N5S9	Q9WTK7
Q8N5S9	Q15831
Q8N5S9	Q66MH8
Q8N5S9	Q96RU8
Q8N5S9	Q96RU7
Q8N5S9	Q9WVS7
Q8N5S9	Q13163
Q8N5S9	Q63932
Q8N5S9	P31938
Q8N5S9	P36507
Q8N5S9	P29678
Q8N5S9	Q24324
Q6VGT1	Q6VGT1
O56327	O56327
Q8BG40	Q8BG40
Q8BG40	Q8VDD9
Q2RIF6	Q2RIF6
Q2RIF6	P42411
Q8IWU2	Q8IWU2
O15534	O15534
O15534	O54943
Q4KMG9	Q4KMG9
P19267	P19267
Q96EK5	Q96EK5
P52205	P52205
Q6ZN18	Q6ZN18
Q9NQX5	Q9NQX5
Q96GM5	Q96GM5
Q96GM5	Q6P9Z1
Q8N9N5	Q8N9N5
O75503	O75503
Q92636	Q92636
Q92636	Q8IZQ1
Q92636	P50851
Q92636	Q6ZNJ1
Q8N386	Q8N386
P10606	P10606
O00522	O00522
Q13561	Q13561
Q39234	Q39234
Q39234	Q39162
Q39234	Q93ZE2
Q39234	P43273
P19235	P19235
P19235	P14753
Q9NNW5	Q9NNW5
Q8TAA9	Q8TAA9
Q8TAA9	Q9ULK5
P04040	P04040
P04040	P25819
P10815	P10815
P10815	P14635
P10815	P36630
P10815	Q8WWL7
O55143	O55143
O55143	P16615
O55143	O75185
P0A8Y8	P0A8Y8
Q21227	Q21227
P13010	P13010
P21980	P21980
Q9BSD3	Q9BSD3
Q8N4S9	Q8N4S9
O75419	O75419
P03129	P03129
P07510	P07510
Q9Y247	Q9Y247
O15126	O15126
O15126	Q8TAC9
P36037	P36037
G5EEM5	G5EEM5
Q03761	Q03761
Q92859	Q92859
Q92859	P43146
Q92859	Q63155
P53933	P53933
P0C0M0	P0C0M0
Q91YS4	Q91YS4
Q91YS4	O88448
Q91YS4	O88447
Q91YS4	Q6P597
O95447	O95447
Q5JII1	Q5JII1
Q15125	Q15125
Q9NUQ8	Q9NUQ8
D3Z7P3	D3Z7P3
Q15517	Q15517
Q15517	A0A1U9X8X8
Q9Z0R4	Q9Z0R4
P01120	P01120
P01120	P01119
P01120	P01111
P01120	P01116
P01120	Q61411
P01120	P32883
P01120	P08556
P01120	P62070
P01120	P61224
P01120	P10114
P01120	P62835
P01120	P11233
P01120	Q15382
P01120	Q8TAI7
P01120	Q9VND8
P01120	Q92963
P01120	P70425
P01120	Q5BJQ5
P01120	P55040
P01120	Q91Z61
P01120	O35626
O60568	O60568
P40955	P40955
P15880	P15880
O15318	O15318
O15318	Q9BT43
P15436	P15436
P15436	P30316
A8HN58	A8HN58
Q8IV36	Q8IV36
Q39083	Q39083
P98161	P98161
P98161	O08852
Q02535	Q02535
Q02535	P18491
Q02535	P41134
Q02535	Q02363
Q02535	P41136
P0A734	P0A734
P0A734	P58152
P06213	P06213
P06213	P08069
P06213	P15208
P06213	Q06418
P06213	P35968
P06213	P35918
Q9UI14	Q9UI14
Q9UI14	O35394
Q06676	Q06676
P47117	P47117
P47117	P61157
P47117	P68033
P47117	P68135
P47117	G3CKA6
P47117	P29751
P47117	P60010
P47117	P68139
P47117	P68032
P47117	P60709
P47117	P63261
P47117	P60711
P47117	Q9Y615
P47117	P32381
P38695	P38695
P38695	P43581
P38695	P32465
P38695	P53631
P15924	P15924
Q6XVW5	Q6XVW5
P22575	P22575
P0CE12	P0CE12
P36107	P36107
P02766	P02766
Q08IG9	Q08IG9
Q13042	Q13042
Q64337	Q64337
Q64337	Q13501
P27695	P27695
Q7M9H3	Q7M9H3
Q12154	Q12154
Q12154	Q58542
Q96ES7	Q96ES7
Q15013	Q15013
Q7Z4N8	Q7Z4N8
Q7Z4N8	O15460
P55038	P55038
P55038	P96218
P55038	P55037
P30260	P30260
Q68CQ4	Q68CQ4
O43542	O43542
P04802	P04802
Q9SZN7	Q9SZN7
P50995	P50995
P50995	P20073
P50995	G3I2P8
P50995	P07355
P50995	Q6TEQ7
P50995	Q9UJ72
P47166	P47166
Q562F6	Q562F6
P89884	P89884
Q9BXI3	Q9BXI3
Q9Y4B6	Q9Y4B6
Q8AXF4	Q8AXF4
Q8AXF4	Q90Z80
Q5BJH2	Q5BJH2
P02751	P02751
Q9NUB1	Q9NUB1
Q06598	Q06598
Q5EBL4	Q5EBL4
Q5EBL4	Q969X0
Q5EBL4	Q96NA2
P54257	P54257
P54257	P54256
Q9NRY2	Q9NRY2
Q12118	Q12118
Q12118	O43765
Q12118	Q96EQ0
Q12118	P15705
Q12118	P31948
P41912	P41912
P87108	P87108
Q53GL7	Q53GL7
P03502	P03502
Q9QUR7	Q9QUR7
Q9QUR7	Q13526
Q9QUR7	Q9I9K6
P25693	P25693
Q5XUX0	Q5XUX0
P91349	P91349
Q0VDD7	Q0VDD7
Q70YC5	Q70YC5
Q582G4	Q582G4
Q8TF76	Q8TF76
P47123	P47123
Q96L14	Q96L14
Q5SW45	Q5SW45
Q5SW45	Q3UK10
Q08204	Q08204
Q924N4	Q924N4
Q924N4	Q63633
Q14376	Q14376
P40960	P40960
Q6XVY7	Q6XVY7
P0A8J2	P0A8J2
Q06455	Q06455
O15516	O15516
O15516	Q9WTL8
O15516	O00327
Q69YI7	Q69YI7
Q14997	Q14997
Q71RC2	Q71RC2
O88751	O88751
O88751	Q9NP86
O88751	P02585
O88751	Q9BXU9
O88751	Q12798
O88751	O15182
O88751	P41208
Q08981	Q08981
O36972	O36972
A4D1E9	A4D1E9
Q9UBP6	Q9UBP6
P10664	P10664
Q8IX15	Q8IX15
Q9R064	Q9R064
Q9R064	Q9H8Y8
Q9R064	O35254
Q9R064	Q9BQQ3
Q05127	Q05127
Q99325	Q99325
P36957	P36957
Q96P20	Q96P20
Q96P20	P13489
Q96P20	Q8WX94
P49418	P49418
P49418	O08838
P49418	O00499
Q6NSI4	Q6NSI4
O95562	O95562
O95562	Q8WV19
Q8WWZ3	Q8WWZ3
Q9NVH1	Q9NVH1
Q20057	Q20057
Q9H2C0	Q9H2C0
Q9BWC9	Q9BWC9
Q9BTA9	Q9BTA9
Q8TBP0	Q8TBP0
Q8TBP0	Q8TC07
Q8TBP0	Q9HA65
P36068	P36068
Q07879	Q07879
Q9NUW8	Q9NUW8
Q9NQZ6	Q9NQZ6
O43805	O43805
Q8N715	Q8N715
P26936	P26936
O75367	O75367
O75367	P16104
O75367	P04910
O75367	P04909
O75367	Q7L7L0
O75367	Q6FI13
O75367	P04911
O75367	P27661
O75367	P0C0S8
O75367	P48003
O75367	P0C0S5
Q01105	Q01105
Q8WU20	Q8WU20
Q8WU20	Q8C180
Q38SD2	Q38SD2
Q9BUI4	Q9BUI4
O48915	O48915
P56279	P56279
P28288	P28288
O82230	O82230
Q8L5U0	Q8L5U0
Q66GS9	Q66GS9
Q66GS9	Q9BZW7
Q9ULA0	Q9ULA0
Q8R5C8	Q8R5C8
Q8R5C8	Q15326
Q9DCD5	Q9DCD5
Q9DCD5	A0A1B0GVM0
P61978	P61978
A9XMT3	A9XMT3
Q68D86	Q68D86
Q9H4Y5	Q9H4Y5
P62081	P62081
Q8BFZ4	Q8BFZ4
Q8BFZ4	Q9UKT7
Q9UHR5	Q9UHR5
O94955	O94955
Q8TD10	Q8TD10
P31323	P31323
P31323	P12369
P31323	P00515
P31323	P10644
P31323	P00514
P38247	P38247
Q20010	Q20010
Q8N6Y0	Q8N6Y0
Q06523	Q06523
P49917	P49917
P01552	P01552
Q96GN5	Q96GN5
P53992	P53992
P53992	O94855
Q8NB12	Q8NB12
Q9H609	Q9H609
Q13895	Q13895
P02699	P02699
P49789	P49789
Q8N6K7	Q8N6K7
Q9NP70	Q9NP70
P0C7W6	P0C7W6
P40515	P40515
P89462	P89462
P89462	U5TQE9
A0A0H3NI89	A0A0H3NI89
A0A0H3NI89	P69829
Q8WZA1	Q8WZA1
P58753	P58753
O14958	O14958
Q8TAP6	Q8TAP6
P70662	P70662
P19878	P19878
P19878	Q86UR1
P19878	A0JC82
Q61140	Q61140
Q61140	P56945
Q61140	Q14511
Q61140	O35177
P17936	P17936
P17936	P24593
P17936	P08833
Q63953	Q63953
P0A9H9	P0A9H9
Q14244	Q14244
Q9H0K6	Q9H0K6
Q3E840	Q3E840
Q15257	Q15257
Q15257	Q12461
Q9Y5L0	Q9Y5L0
Q08974	Q08974
P10912	P10912
P10912	P16471
O76003	O76003
O76003	Q03835
O76003	P32642
O76003	Q02784
P12104	P12104
O75531	O75531
P42615	P42615
Q14573	Q14573
Q6TQR6	Q6TQR6
O60885	O60885
O60885	P25440
A3DCU2	A3DCU2
Q8WXF3	Q8WXF3
D0ZLQ7	D0ZLQ7
P21192	P21192
Q14657	Q14657
P61457	P61457
Q9KS12	Q9KS12
Q8N5M1	Q8N5M1
Q86UY6	Q86UY6
Q9NWQ4	Q9NWQ4
Q02606	Q02606
Q96D03	Q96D03
Q12498	Q12498
Q9UTR8	Q9UTR8
C5AW20	C5AW20
Q9SXZ2	Q9SXZ2
P26937	P26937
Q16385	Q16385
Q16385	Q99909
Q16385	O60225
Q96BS2	Q96BS2
Q00059	Q00059
Q96BZ8	Q96BZ8
O43759	O43759
O43759	O43761
Q9Y697	Q9Y697
Q9Y697	P0A6B9
Q9Y697	Q96I15
O95544	O95544
O95544	Q06892
Q9H840	Q9H840
Q96DN0	Q96DN0
P0C7Q2	P0C7Q2
P34314	P34314
P34314	Q39238
Q8T4F7	Q8T4F7
Q8T4F7	Q03173
Q8T4F7	Q8N8S7
Q5W111	Q5W111
A5YKK6	A5YKK6
P13134	P13134
P13134	P41413
P13134	P29122
P13134	Q62849
P13134	P09958
Q9P2M4	Q9P2M4
Q47730	Q47730
Q99750	Q99750
Q92597	Q92597
Q9H160	Q9H160
Q9H160	Q08465
O75161	O75161
Q8N2M8	Q8N2M8
P47025	P47025
P47025	P36130
Q96B26	Q96B26
P25454	P25454
P25454	Q06609
P25454	Q8MKI8
P25454	Q14565
Q10589	Q10589
Q96QF0	Q96QF0
Q96QF0	Q62739
Q96QF0	Q8TBN0
O32081	O32081
P32354	P32354
P40335	P40335
P38962	P38962
Q8IUZ5	Q8IUZ5
Q96EL1	Q96EL1
Q78PY7	Q78PY7
Q78PY7	Q7KZF4
Q70AZ6	Q70AZ6
P43594	P43594
Q9NWV4	Q9NWV4
P09661	P09661
Q99259	Q99259
Q9LUA3	Q9LUA3
Q54N00	Q54N00
Q86WK6	Q86WK6
Q86WK6	Q9JJ28
Q91WC1	Q91WC1
Q91WC1	Q9NUX5
Q0VD86	Q0VD86
P98082	P98082
P98082	O88797
P98082	P98078
P98082	O75553
P98082	P97318
Q06108	Q06108
Q9LVM5	Q9LVM5
O07529	O07529
Q9BW66	Q9BW66
Q04049	Q04049
Q8BHJ7	Q8BHJ7
Q8BHJ7	P48168
Q8BHJ7	P63079
Q9Z0G0	Q9Z0G0
Q9Z0G0	Q8TF65
Q9Z0G0	Q9Z2H7
P36123	P36123
P36123	P43612
O15496	O15496
Q95ZK7	Q95ZK7
Q13416	Q13416
O60239	O60239
P0ABV2	P0ABV2
Q9H668	Q9H668
Q8NA61	Q8NA61
Q7DB74	Q7DB74
Q12527	Q12527
O95751	O95751
Q9Y5A7	Q9Y5A7
Q9BTV4	Q9BTV4
O75506	O75506
Q9Y468	Q9Y468
Q9Y468	Q96JM7
Q9Y468	Q9VK33
Q13432	Q13432
Q9P0S3	Q9P0S3
P0A910	P0A910
O43852	O43852
Q86Y07	Q86Y07
Q86Y07	Q99986
Q8SRG7	Q8SRG7
O00750	O00750
O00750	P42336
O00750	P42337
O00750	P48736
O00750	P42338
O00750	Q8BTI9
P78347	P78347
P08648	P08648
P08648	P08514
P08648	P06756
O00233	O00233
O00233	Q9VFS8
O75330	O75330
P01101	P01101
P01101	P01100
P01101	P15408
Q9VXH6	Q9VXH6
Q9UI42	Q9UI42
Q9UI42	P00730
Q9UI42	P15085
Q6SZW1	Q6SZW1
Q6SZW1	Q6PDS3
Q8WTP8	Q8WTP8
Q8WTP8	P0C581
Q8RSY1	Q8RSY1
Q96EZ8	Q96EZ8
P62753	P62753
O75830	O75830
O75830	P22777
P03407	P03407
P03407	Q9QPN3
P03407	P04601
P46089	P46089
Q9F4H3	Q9F4H3
Q9F4H3	P0AFM9
P62249	P62249
P40306	P40306
P54939	P54939
P54939	P26039
P54939	Q71LX4
P40509	P40509
Q3B820	Q3B820
Q3B820	Q96MY7
P30044	P30044
P30044	P73728
P22830	P22830
P06783	P06783
Q9NV56	Q9NV56
Q9BWD1	Q9BWD1
Q08144	Q08144
O15394	O15394
P0ADV1	P0ADV1
O95155	O95155
O95155	P54860
B2RUJ5	B2RUJ5
B2RUJ5	Q02410
B2RUJ5	O35431
B2RUJ5	Q99767
B2RUJ5	O96018
Q5ZRQ0	Q5ZRQ0
P28371	P28371
G3G926	G3G926
Q8N8X9	Q8N8X9
Q7L5A8	Q7L5A8
Q9NZC2	Q9NZC2
Q9H2S1	Q9H2S1
Q9H2S1	O15554
Q9NVD7	Q9NVD7
Q9NVD7	Q9EPC1
Q9NVD7	Q9HBI0
G5EG51	G5EG51
Q86YP4	Q86YP4
Q86YP4	Q8WXI9
Q53GG5	Q53GG5
Q53GG5	O00151
Q53GG5	Q96HC4
Q53GG5	Q62920
Q53GG5	Q9NR12
Q53GG5	O60711
Q9UQB8	Q9UQB8
Q9UQB8	Q8BKX1
Q9UQB8	Q9UHR4
O75554	O75554
Q8K4J6	Q8K4J6
Q8K4J6	Q8IZQ8
Q8TDR4	Q8TDR4
O18973	O18973
O18973	Q9UJ41
O95278	O95278
O95278	Q9WUA5
Q9NZN8	Q9NZN8
G5EDM4	G5EDM4
G5EDM4	Q28619
G5EDM4	O14745
G5EDM4	Q9JJ19
G5EDM4	G3GTH2
G5EDM4	Q9JHL1
G5EDM4	Q15599
Q7MRZ3	Q7MRZ3
P18011	P18011
P70444	P70444
Q8BVI5	Q8BVI5
Q8BVI5	Q86Y82
Q8BVI5	O15400
P42081	P42081
Q9H2F5	Q9H2F5
Q5SXH7	Q5SXH7
Q92667	Q92667
Q8N9R6	Q8N9R6
Q99618	Q99618
Q12517	Q12517
Q9Y5X3	Q9Y5X3
P36955	P36955
O94868	O94868
Q9Y4D1	Q9Y4D1
Q9UHD4	Q9UHD4
P37958	P37958
P78324	P78324
P78324	O00241
Q12292	Q12292
P15625	P15625
P08582	P08582
P08582	P02788
P08582	P02787
P0A1K1	P0A1K1
Q24145	Q24145
Q24145	Q03526
Q24145	P21860
Q24145	Q61527
Q24145	Q62799
Q24145	P04626
Q24145	O61460
Q24145	Q15375
Q24145	P28693
Q24145	Q03137
Q24145	P54763
Q24145	Q03145
Q24145	P29317
Q24145	O35346
Q24145	Q05397
Q24145	Q00944
Q24145	P34152
Q24145	Q14289
Q24145	P07332
Q24145	P43405
Q24145	P16591
Q24145	O54967
Q24145	Q07912
Q24145	Q9UJM3
Q24145	A9UEZ6
Q24145	P00519
Q24145	P00520
Q24145	P11274
Q24145	P42684
Q24145	Q4JIM5
Q24145	P00522
Q9ULI3	Q9ULI3
Q8IWZ6	Q8IWZ6
Q6ZUS5	Q6ZUS5
Q9BUE0	Q9BUE0
Q8TDQ0	Q8TDQ0
Q8TDQ0	Q8VIM0
P27449	P27449
Q6VY07	Q6VY07
P50105	P50105
P17301	P17301
B5Z6G7	B5Z6G7
Q12274	Q12274
Q8TED9	Q8TED9
Q8TED9	Q90738
Q11120	Q11120
P32896	P32896
P78953	P78953
P23769	P23769
P23769	P23771
P23769	P15976
P23769	P17679
O95073	O95073
O76337	O76337
O76337	Q9UBP9
P40087	P40087
P40087	Q8WTU0
Q17RD7	Q17RD7
Q494R4	Q494R4
Q2TAZ0	Q2TAZ0
P97287	P97287
P97287	P10415
P97287	P10417
P97287	O35843
P97287	Q07817
P97287	Q92843
O75603	O75603
P40791	P40791
P40791	Q02078
P40791	Q8CFN5
P40791	Q06413
P40791	Q14814
Q7RTR2	Q7RTR2
P43555	P43555
P07713	P07713
P07713	P12644
P07713	P43026
P07713	P12643
P07713	P18075
Q14684	Q14684
P19456	P19456
Q08227	Q08227
Q08227	Q01968
Q08227	Q62910
Q08227	O55207
Q08227	O15357
Q08227	Q92835
Q08227	Q9BT40
Q8IUD2	Q8IUD2
P11836	P11836
Q9UK55	Q9UK55
Q9UK55	P70458
Q9NRF9	Q9NRF9
G5ECW9	G5ECW9
Q9M384	Q9M384
Q9M384	Q7G7J6
Q9M384	Q9LQT8
Q9NVI7	Q9NVI7
Q9NRJ3	Q9NRJ3
Q1PLH8	Q1PLH8
O94888	O94888
Q96HQ2	Q96HQ2
Q92560	Q92560
Q92560	Q9Y5K5
Q8N7W2	Q8N7W2
Q8WWX8	Q8WWX8
O95171	O95171
P97764	P97764
P97764	Q96G27
O60762	O60762
Q67XQ1	Q67XQ1
Q67XQ1	Q9ZNV8
P73489	P73489
Q96MF2	Q96MF2
Q6GQT6	Q6GQT6
Q6GQT6	P97260
Q8N9E0	Q8N9E0
Q811U4	Q811U4
O14863	O14863
O14863	Q9BRI3
O14863	Q99726
O14863	Q8IWU4
Q06628	Q06628
Q9Y276	Q9Y276
Q9Y276	Q9WZ49
Q9Y276	Q9WV86
Q9Y276	Q9BW62
Q9Y276	P28737
Q9Y276	P35998
Q9Y276	P62333
Q9Y276	P62191
Q9Y276	P62195
Q9Y276	Q01939
Q9Y276	P17980
Q9Y276	O75351
Q9Y276	Q9UN37
Q9Y276	P52917
Q9Y276	P25694
Q9Y276	Q7KN62
Q9Y276	P55072
Q9Y276	P46462
Q9Y276	Q01853
Q9Y276	Q8CDM1
Q9Y276	P34808
Q9Y276	P33298
Q9Y276	Q63570
Q9Y276	P43686
Q9Y276	Q9NAG4
P25584	P25584
A1YH68	A1YH68
Q14315	Q14315
Q14315	O75369
Q8IYF1	Q8IYF1
O60232	O60232
Q96IW7	Q96IW7
Q96IW7	P22214
Q6FG55	Q6FG55
Q6FG55	P01374
Q6N075	Q6N075
P38356	P38356
P33775	P33775
P33775	P46971
P33775	P31382
Q06058	Q06058
P40343	P40343
Q8L5Y6	Q8L5Y6
Q9UH73	Q9UH73
Q9BXJ1	Q9BXJ1
Q08887	Q08887
P53112	P53112
P69380	P69380
Q8IYA8	Q8IYA8
Q8VZJ1	Q8VZJ1
Q8VZJ1	Q9FNE9
Q9BVJ6	Q9BVJ6
Q9BVJ6	Q5TAP6
Q9BVK8	Q9BVK8
Q22A77	Q22A77
Q9BW11	Q9BW11
Q9Y303	Q9Y303
Q8TES7	Q8TES7
Q93045	Q93045
Q93045	P16949
Q9WV48	Q9WV48
Q9WV48	Q9QX74
Q9WV48	Q9Y566
Q9WV48	Q9UPX8
Q9WV48	Q9BYB0
Q12918	Q12918
P09038	P09038
P09038	P05230
P09038	P31371
P09038	P10767
P09038	P08620
P09038	Q92915
P09038	P61328
P02008	P02008
P02008	P09105
Q949Y0	Q949Y0
P52003	P52003
P09923	P09923
P35269	P35269
O46036	O46036
O46036	Q5ZIZ6
O46036	Q13363
O46036	P56545
O46036	P56546
O46036	O88712
Q68871	Q68871
Q68871	Q5U8X5
O13734	O13734
Q8N682	Q8N682
Q9H6U6	Q9H6U6
Q99426	Q99426
Q99426	Q8N3C7
Q99426	P30622
O15519	O15519
O00291	O00291
Q96RN5	Q96RN5
Q5VY80	Q5VY80
Q5VY80	Q9BZM5
P08603	P08603
P08603	Q9BXR6
P08603	Q03591
P08603	P36980
Q9ZWS6	Q9ZWS6
O95870	O95870
P13498	P13498
Q86YS3	Q86YS3
Q93454	Q93454
Q93454	Q3SWS8
Q93454	P78406
Q9SE37	Q9SE37
O15503	O15503
O15503	Q9Y5U4
Q63524	Q63524
Q8N5M9	Q8N5M9
E9Q8Q6	E9Q8Q6
E9Q8Q6	Q6ZP82
P35249	P35249
P35249	P40937
P68871	P68871
Q9HBB8	Q9HBB8
Q9Y383	Q9Y383
O94885	O94885
P31350	P31350
P31350	Q7LG56
P85298	P85298
P85298	Q12982
Q9BZI7	Q9BZI7
P07527	P07527
P07527	Q99640
Q8IMX7	Q8IMX7
Q8IMX7	Q8IXI2
Q38882	Q38882
Q38882	Q13393
Q38882	O14939
Q14677	Q14677
Q14677	P47160
Q14677	O88339
Q14677	Q8VY07
O95865	O95865
P27658	P27658
P27658	P02746
P27658	Q60994
P27658	Q15848
P27658	P02747
P27658	P02745
Q9H0W9	Q9H0W9
A7BFV9	A7BFV9
A7BFV9	P42566
A7BFV9	P42567
A7BFV9	Q9UBC2
P51795	P51795
P50053	P50053
Q06346	Q06346
Q15118	Q15118
O43390	O43390
O43390	O60506
O43390	Q8TBY0
Q0D2K0	Q0D2K0
Q0D2K0	Q7RTP0
Q53368	Q53368
Q53368	P13569
Q53368	P26361
Q53368	A3DCU1
Q53368	P40416
Q9VNE4	Q9VNE4
P06993	P06993
P22314	P22314
P22314	O94609
P22314	Q9UBT2
P22314	Q8TBC4
O75663	O75663
Q05519	Q05519
Q6R5N8	Q6R5N8
P08539	P08539
P08539	P50148
P08539	P18064
P08539	Q0DJ33
P08539	P34042
P08539	Q5JWF2
P08539	P63092
P08539	Q6UEA7
P08539	P30679
P08539	Q14344
P08539	P59215
P08539	P08753
P08539	P04899
P08539	P51875
P08539	C4M483
P08539	P11488
P46947	P46947
P46947	Q9BRD0
O43741	O43741
Q6IBW4	Q6IBW4
Q8NFZ5	Q8NFZ5
O82345	O82345
A0A0C4DGX9	A0A0C4DGX9
Q3UP24	Q3UP24
P35227	P35227
P35227	P35226
P35227	Q9BSM1
Q9H7H0	Q9H7H0
Q9BQ04	Q9BQ04
Q9BQ04	Q8WXF1
Q9BQ04	Q15233
Q8BH64	Q8BH64
Q8BH64	Q9QXY6
Q8BH64	Q9NZN3
Q8BH64	Q9H4M9
Q8BH64	Q8NFH8
O15273	O15273
O15273	A6HIS0
Q86YD7	Q86YD7
Q8WW18	Q8WW18
P0A892	P0A892
Q9BWF2	Q9BWF2
Q06205	Q06205
P54657	P54657
Q9BYR7	Q9BYR7
O35305	O35305
O35305	Q9Y6Q6
O74986	O74986
Q15287	Q15287
Q15287	Q16629
Q15287	P84103
Q15287	Q08170
Q15287	Q13247
Q15287	Q07955
Q80UF7	Q80UF7
Q80UF7	Q8IUC6
P47822	P47822
P50945	P50945
Q08954	Q08954
P03433	P03433
P03433	Q9Q0U9
O00590	O00590
O00590	P41597
O00590	P49238
O00590	P46092
P05549	P05549
G3V543	G3V543
Q12280	Q12280
Q01658	Q01658
P15367	P15367
Q99675	Q99675
Q9Y2R2	Q9Y2R2
Q9Y2R2	Q05209
Q9Y2R2	Q12913
Q9Y2R2	Q99952
Q9Y2R2	Q61152
Q9Y2R2	Q6PB44
Q9Y2R2	Q9H3S7
Q9Y2R2	P23470
Q9Y2R2	P16621
Q9Y2R2	O14522
Q9Y2R2	P18052
Q9Y2R2	P18433
Q6FI81	Q6FI81
Q05823	Q05823
P32917	P32917
P32917	A7TJH8
Q9EP97	Q9EP97
Q9HD36	Q9HD36
P28611	P28611
P28611	O06873
Q14694	Q14694
O64816	O64816
O64816	P19784
O64816	P68400
O64816	Q08467
Q9H6L4	Q9H6L4
B7UMB5	B7UMB5
P35869	P35869
Q7L590	Q7L590
Q5T9C2	Q5T9C2
Q8N1B4	Q8N1B4
Q14683	Q14683
Q14683	P32908
P40558	P40558
Q9NT62	Q9NT62
Q9NT62	Q9CPX6
Q9NT62	Q0WWQ1
Q9NT62	P40344
Q9NT62	C0H519
Q9NX24	Q9NX24
Q80VJ8	Q80VJ8
Q80VJ8	Q8N6L0
Q8NAV1	Q8NAV1
P49333	P49333
P49333	Q9SXL4
Q04311	Q04311
Q8XE74	Q8XE74
Q8S307	Q8S307
Q8S307	Q7XI96
P28776	P28776
A0A0E0TGM2	A0A0E0TGM2
P36095	P36095
P36095	Q9Y3E7
P49747	P49747
P21890	P21890
P21890	P00455
P21890	P10933
Q9QZ88	Q9QZ88
O43257	O43257
P38931	P38931
P38232	P38232
P69931	P69931
P53004	P53004
Q03694	Q03694
Q8I4M5	Q8I4M5
P57086	P57086
P57086	Q96JS3
P57086	Q969J2
P57086	Q86W11
P57086	P10073
P57086	Q9H4T2
P57086	P17028
P57086	Q9NWS9
Q15404	Q15404
Q15404	Q9Y2L9
Q15404	Q6NSJ5
P10148	P10148
P10148	P13236
Q9Y316	Q9Y316
Q9NVN8	Q9NVN8
P39216	P39216
P39216	P02942
P39216	P50466
P39216	Q9I3S1
Q9UHJ9	Q9UHJ9
O15265	O15265
Q8N2H9	Q8N2H9
Q8N2H9	Q9HAT8
Q8N2H9	Q96FA3
Q9UJ14	Q9UJ14
Q8IX12	Q8IX12
Q3V6T2	Q3V6T2
Q86WV1	Q86WV1
Q87GE5	Q87GE5
P46527	P46527
P46527	P38936
Q9P287	Q9P287
Q9HC52	Q9HC52
Q9HC52	O00257
Q9HC52	O95931
Q9NWS6	Q9NWS6
Q9UBU7	Q9UBU7
Q9UBU7	Q8NFT6
P06668	P06668
Q9GZM5	Q9GZM5
Q02208	Q02208
Q13011	Q13011
P78560	P78560
P32418	P32418
Q8CI75	Q8CI75
Q9P2I0	Q9P2I0
P47035	P47035
Q9Z214	Q9Z214
Q9Z214	Q9NSC5
P42073	P42073
O35889	O35889
O35889	P55196
Q13415	Q13415
Q12241	Q12241
P21554	P21554
P49327	P49327
P49327	P12785
Q9BVJ7	Q9BVJ7
Q9UPN6	Q9UPN6
O25120	O25120
Q969F0	Q969F0
A6NIM6	A6NIM6
Q96EY7	Q96EY7
Q9ZNR6	Q9ZNR6
Q9ZNR6	O80448
Q9ZNR6	Q8L940
P53108	P53108
Q15365	Q15365
Q15365	O00425
Q9BUF7	Q9BUF7
P34077	P34077
Q9Y534	Q9Y534
Q8L9W4	Q8L9W4
Q8L9W4	P93002
Q8L9W4	Q5ICL9
P98173	P98173
P98173	Q92520
O32080	O32080
O95674	O95674
O00625	O00625
P48439	P48439
Q96NY8	Q96NY8
Q96NY8	Q9NQS3
Q96NY8	Q9JLB9
Q96NY8	Q92692
Q96NY8	P32507
Q96NY8	P15151
Q96NY8	Q15223
P29131	P29131
P76014	P76014
P0ACE3	P0ACE3
Q96LP2	Q96LP2
Q6VVB1	Q6VVB1
O95848	O95848
Q5H9J7	Q5H9J7
Q5TA45	Q5TA45
A1L4K1	A1L4K1
P0AC02	P0AC02
P03255	P03255
Q8NEM0	Q8NEM0
P56377	P56377
P56377	P53680
Q9UBY9	Q9UBY9
P39523	P39523
Q8TZS0	Q8TZS0
Q1PLH4	Q1PLH4
Q8WV44	Q8WV44
Q8WV44	Q9HCM9
Q8WV44	O00635
Q8WV44	O00481
Q8WV44	Q9UDY6
P13726	P13726
O95210	O95210
P53907	P53907
Q53HC0	Q53HC0
Q3ZAQ7	Q3ZAQ7
P02686	P02686
P02686	P02687
P15597	P15597
Q96IK5	Q96IK5
Q16760	Q16760
Q9NRL2	Q9NRL2
P97767	P97767
P97767	O00167
P97767	Q6P4T3
Q9H1Y0	Q9H1Y0
Q03067	Q03067
Q7Z5G4	Q7Z5G4
O14368	O14368
Q9QY17	Q9QY17
Q9QY17	Q9UNF0
Q9QY17	Q9Z0W5
Q9QY17	Q61644
Q9QY17	Q9BY11
Q9QY17	Q9UKS6
Q6UW68	Q6UW68
P53847	P53847
P06931	P06931
Q24306	Q24306
Q96GY0	Q96GY0
Q96EY8	Q96EY8
Q21738	Q21738
Q8WVM8	Q8WVM8
P46970	P46970
Q9Y2I6	Q9Y2I6
P40161	P40161
Q9Y4Y9	Q9Y4Y9
P16860	P16860
Q12133	Q12133
Q00609	Q00609
Q00609	Q810U4
P32915	P32915
P32915	P61619
P05150	P05150
Q6P1J9	Q6P1J9
P10799	P10799
P35201	P35201
A1A5C7	A1A5C7
A1A5C7	Q8WUG5
P56589	P56589
Q9NW38	Q9NW38
Q7KLI1	Q7KLI1
Q96RF0	Q96RF0
Q96RF0	Q9Y5X1
P49686	P49686
Q8WTP9	Q8WTP9
Q8IYJ0	Q8IYJ0
P73457	P73457
Q6ZVK8	Q6ZVK8
Q8DKB2	Q8DKB2
P07998	P07998
P07998	P61823
P07998	P00669
Q9LUJ3	Q9LUJ3
P62068	P62068
P62068	O94782
P62068	Q9Y4E8
P03623	P03623
Q9Y2I1	Q9Y2I1
P71002	P71002
P71002	Q59HN8
Q9JJF9	Q9JJF9
Q9JJF9	Q8TCT9
P30048	P30048
P30048	P35700
P30048	P0CB50
P30048	Q06830
P30048	Q88NW9
P30048	Q9HY81
Q96QK1	Q96QK1
Q96QK1	Q9EQH3
O14770	O14770
O14770	O00470
O14770	P55347
A0A0H3CDI6	A0A0H3CDI6
Q9UKU9	Q9UKU9
P43682	P43682
Q9UFD9	Q9UFD9
P04114	P04114
Q9UBU9	Q9UBU9
Q9UBU9	Q9H4D5
O04350	O04350
Q96D46	Q96D46
Q99735	Q99735
P18824	P18824
P18824	Q02248
P18824	Q9WU82
P18824	P14923
P47027	P47027
Q02981	Q02981
Q8N6G5	Q8N6G5
Q7Z7H8	Q7Z7H8
P42677	P42677
Q5JII7	Q5JII7
Q9MAQ0	Q9MAQ0
Q9MAQ0	P72623
P60896	P60896
Q15049	Q15049
Q00721	Q00721
Q9NX47	Q9NX47
P34910	P34910
Q8IWZ5	Q8IWZ5
P19659	P19659
P32790	P32790
Q6ZVE7	Q6ZVE7
Q96MN9	Q96MN9
P31937	P31937
Q62848	Q62848
Q62848	Q8N6T3
Q4QEN5	Q4QEN5
Q4QEN5	P99999
P21957	P21957
P24278	P24278
P48651	P48651
Q9NQ79	Q9NQ79
Q8N895	Q8N895
P19508	P19508
Q9MBA2	Q9MBA2
Q9MBA2	P0AEZ3
Q9MBA2	Q01464
Q9MBA2	Q9AG19
O88273	O88273
P09382	P09382
P09382	P05162
O35681	O35681
O35681	Q9R0N4
O35681	Q9R0N8
O35681	Q9R0N9
O35681	P29101
O35681	O00445
O35681	P46097
O35681	P46096
O35681	P21579
O35681	P21707
O35681	Q62747
O35681	P50232
O35681	Q9BSW7
Q12175	Q12175
Q8K3Y3	Q8K3Y3
Q8K3Y3	P67809
Q99359	Q99359
P42858	P42858
P35187	P35187
P35187	P54132
Q8NEC5	Q8NEC5
Q9P0T7	Q9P0T7
Q96C74	Q96C74
Q96C74	Q9HAT0
Q04344	Q04344
P14920	P14920
Q9LKZ3	Q9LKZ3
O15123	O15123
O15123	P02671
O15123	Q15485
O15123	O43827
O15123	Q86XS5
O15123	P24821
Q70AY8	Q70AY8
Q2V2M9	Q2V2M9
Q2V2M9	Q9Y613
Q8KKH4	Q8KKH4
O00757	O00757
O00757	P09467
O60437	O60437
P25638	P25638
Q9NRD0	Q9NRD0
Q9NRD0	Q8NDX1
Q9NRD0	A5PKW4
Q84JA6	Q84JA6
Q84JA6	Q9SWW6
Q84JA6	Q8LPK5
P18545	P18545
Q5SJ83	Q5SJ83
B2CML4	B2CML4
B2CML4	Q8IUX4
B2CML4	Q9NRW3
B2CML4	Q9WVE0
B2CML4	Q9GZX7
P04387	P04387
Q16186	Q16186
Q16186	O48726
P12753	P12753
P12753	Q9UTJ8
P32861	P32861
Q9H6J7	Q9H6J7
P0AGE0	P0AGE0
Q9BXX0	Q9BXX0
P35658	P35658
P0C205	P0C205
Q6UWZ7	Q6UWZ7
P36102	P36102
Q9BU76	Q9BU76
P74643	P74643
Q9NX63	Q9NX63
O88904	O88904
O88904	Q9H2X6
O88904	Q9QZR5
P48552	P48552
Q9ESN9	Q9ESN9
Q9ESN9	Q58A65
Q9ESN9	O60271
O43683	O43683
O43683	P41695
O43683	P47074
P22812	P22812
P09122	P09122
O95630	O95630
P03495	P03495
P03495	P03496
P03495	Q99AU3
Q9NTZ6	Q9NTZ6
C6KIE6	C6KIE6
C6KIE6	Q9C516
Q9NPJ8	Q9NPJ8
Q9NPJ8	Q9UKK6
Q9NYP9	Q9NYP9
Q0WP44	Q0WP44
Q9P0T4	Q9P0T4
Q9P0T4	Q96DT7
Q9P0T4	Q64318
Q9P0T4	Q8NCP5
Q9P0T4	Q7Z3K3
Q9P0T4	Q96BR9
Q9P0T4	P08047
Q9P0T4	Q02446
Q9Y6A5	Q9Y6A5
Q9Y6A5	Q9JJ11
Q9Y6A5	O75410
Q86WP2	Q86WP2
Q9H4P4	Q9H4P4
Q9H4P4	Q9BUZ4
Q9P209	Q9P209
Q9UHC6	Q9UHC6
Q13480	Q13480
Q13480	Q9UQC2
Q9NR46	Q9NR46
Q9NR46	Q9Y371
Q92609	Q92609
Q9UKJ1	Q9UKJ1
P87169	P87169
Q7Z699	Q7Z699
Q7Z699	Q7Z698
Q13113	Q13113
P40460	P40460
P03519	P03519
O75817	O75817
P9WI73	P9WI73
O94542	O94542
Q12122	Q12122
Q8N6F1	Q8N6F1
Q8N6F1	Q9ET38
Q8N6F1	O95471
Q8N6F1	O00501
Q5T7W7	Q5T7W7
Q92922	Q92922
Q92922	P97496
Q05924	Q05924
Q16613	Q16613
Q8NI60	Q8NI60
P19934	P19934
P56159	P56159
P04480	P04480
P20618	P20618
Q91YI1	Q91YI1
P17735	P17735
P17735	P47039
P17735	Q16773
Q15276	Q15276
Q6PKC3	Q6PKC3
P54253	P54253
Q8CGB3	Q8CGB3
P0CS82	P0CS82
Q8MXZ9	Q8MXZ9
P98066	P98066
P98066	O70244
P98066	Q96PD2
P98066	P13608
P98066	O60462
P98066	P97333
P98066	Q9QWJ9
O08992	O08992
O08992	Q9H190
O08992	Q7ZYM5
Q9BUV0	Q9BUV0
Q9UGQ2	Q9UGQ2
Q6NSX1	Q6NSX1
Q3U182	Q3U182
Q3U182	Q157S1
Q08921	Q08921
P26678	P26678
Q8NG31	Q8NG31
Q53H80	Q53H80
Q16572	Q16572
Q9UHB4	Q9UHB4
P76010	P76010
P04489	P04489
P33113	P33113
Q02776	Q02776
Q02776	Q9GZU7
P51810	P51810
O52124	O52124
Q9NVT9	Q9NVT9
Q92542	Q92542
B5XST9	B5XST9
Q92685	Q92685
P00812	P00812
Q96ME1	Q96ME1
Q6PJW8	Q6PJW8
P36112	P36112
Q72547	Q72547
Q7Z434	Q7Z434
Q7Z434	Q8VCF0
Q99460	Q99460
Q8WUJ0	Q8WUJ0
Q8WUJ0	Q9UII6
Q8WUJ0	Q8WYL5
Q8WUJ0	P40479
Q8WUJ0	Q9H596
Q95LE0	Q95LE0
Q8IV20	Q8IV20
P25144	P25144
Q6W2J9	Q6W2J9
Q9U787	Q9U787
Q8TBB1	Q8TBB1
Q8TBB1	Q8N448
Q8TBB1	A4VCF7
Q8TBB1	O75970
Q8TBB1	Q8VBX6
Q8TBB1	Q63ZW7
P32460	P32460
Q9VX75	Q9VX75
Q9VX75	Q8TEW0
Q9VX75	Q9Z340
Q9HCS2	Q9HCS2
Q9HCS2	P78329
P49116	P49116
P49116	Q505F1
X5HMX4	X5HMX4
O60238	O60238
O60238	Q9Z2F7
O60238	Q12983
Q8N7F7	Q8N7F7
P55201	P55201
Q53TN4	Q53TN4
Q53TN4	P49447
Q23985	Q23985
P0AFX7	P0AFX7
O75400	O75400
Q7Z6M4	Q7Z6M4
Q9SFC6	Q9SFC6
Q13635	Q13635
P46116	P46116
P45976	P45976
P68619	P68619
P45707	P45707
Q03933	Q03933
Q03933	P10961
Q03933	G5EFT5
Q9BSF0	Q9BSF0
Q8WVZ9	Q8WVZ9
Q8WVZ9	Q86V97
Q14687	Q14687
P34932	P34932
P34932	P32589
P34932	P20029
P34932	P11021
P34932	P07823
P34932	G3I8R9
P34932	P54652
P34932	P09446
P34932	P11142
P34932	Q53FC7
P34932	P10591
P34932	Q96BE0
P34932	Q9LHA8
P34932	Q7YQC6
P34932	P0DMV8
P34932	P0DMV9
P34932	P0CS91
P34932	P0A6Y8
Q86VZ6	Q86VZ6
Q8N3L3	Q8N3L3
Q8N3L3	P40222
P0AAW9	P0AAW9
Q7Z5B4	Q7Z5B4
Q69ZI1	Q69ZI1
Q69ZI1	Q7Z6J0
Q69ZI1	Q8TEJ3
Q69ZI1	Q8TEC5
P50461	P50461
P50461	Q06407
P26798	P26798
Q8WUU8	Q8WUU8
Q5W5X9	Q5W5X9
Q5W5X9	Q6PF05
Q99933	Q99933
P28496	P28496
P07902	P07902
Q8GY61	Q8GY61
O64517	O64517
O64517	K4CWY6
Q96BD5	Q96BD5
P97784	P97784
P97784	Q49AN0
P97784	Q9R194
Q9C005	Q9C005
Q21691	Q21691
Q9SEZ1	Q9SEZ1
P36047	P36047
P36047	P71451
Q03795	Q03795
Q9P032	Q9P032
A0A0H2Z989	A0A0H2Z989
Q96I25	Q96I25
Q14CZ0	Q14CZ0
P54748	P54748
P54748	O76083
Q9FN03	Q9FN03
Q9FN03	P18754
Q9FN03	Q92834
Q9FN03	Q9R0X5
G5ECA1	G5ECA1
Q99614	Q99614
P76576	P76576
Q14134	Q14134
Q9P7W4	Q9P7W4
Q8W1E3	Q8W1E3
Q8N3I7	Q8N3I7
C4LYV4	C4LYV4
Q9A6J2	Q9A6J2
P51687	P51687
P21549	P21549
Q8WU10	Q8WU10
Q8KNZ8	Q8KNZ8
Q9BVX2	Q9BVX2
G5EG62	G5EG62
G5EG62	Q9H3U1
G5EG62	Q8IWX7
Q9UN86	Q9UN86
Q9UN86	Q13283
O43157	O43157
O43157	Q8CJH3
O43157	O15031
O43157	P70207
O14576	O14576
O14576	Q13409
Q7L5N1	Q7L5N1
Q17604	Q17604
Q08379	Q08379
Q08379	Q921M4
Q08379	Q62839
Q08379	P0DX53
Q08379	P0DX52
A0A3G5BIZ0	A0A3G5BIZ0
Q9NRF2	Q9NRF2
Q9NRF2	O14492
Q9NRF2	Q9Z200
P06727	P06727
Q9NQG7	Q9NQG7
Q48824	Q48824
Q48824	P21184
Q16401	Q16401
Q49A88	Q49A88
E9Q4Y4	E9Q4Y4
O95251	O95251
O95251	Q08649
O95251	Q9H7Z6
O95251	P40963
Q9NQS7	Q9NQS7
P10451	P10451
P33201	P33201
P21865	P21865
Q96IV0	Q96IV0
Q96IV0	Q9JI78
Q96IV0	Q02890
P60468	P60468
O54901	O54901
P0AE67	P0AE67
P0AE67	A0A0H3AM52
P0AE67	Q9HUF2
P0A2U4	P0A2U4
P78552	P78552
Q8N4C7	Q8N4C7
Q8N4C7	O75558
P27918	P27918
P27918	O60241
P15498	P15498
P15498	P27870
Q96IJ6	Q96IJ6
Q96IJ6	Q9Y5P6
Q8IXL6	Q8IXL6
Q8IXL6	O75063
Q8IXL6	Q96MK3
Q8E9K5	Q8E9K5
Q8E9K5	Q9BVA6
Q9LDT3	Q9LDT3
Q96MU7	Q96MU7
Q9UKC9	Q9UKC9
P11279	P11279
P11279	P11438
P11279	P17046
P11279	P13473
P32571	P32571
P32571	Q9VDD8
P32571	O75604
Q961D9	Q961D9
Q14185	Q14185
Q96N46	Q96N46
Q8N4T4	Q8N4T4
Q8WY98	Q8WY98
O14788	O14788
O14788	O35235
O95405	O95405
O60826	O60826
P46736	P46736
Q12502	Q12502
Q92918	Q92918
Q92918	P41279
Q92918	Q9H2G2
Q92918	Q9Z1W9
Q92918	O95747
Q92918	Q9UEW8
Q92918	Q6P9R2
Q92918	P46734
Q92918	P52564
Q92918	Q9CAD5
Q92918	Q61083
Q92918	Q9Y2U5
Q92918	O81472
Q92918	P27636
Q92918	Q13188
Q92918	Q13043
Q92918	Q03497
Q92918	Q55GV3
Q92918	Q13153
Q92918	Q13177
Q92918	P35465
Q92918	Q9Y6E0
Q92918	Q9P289
Q92918	Q9Z2W1
Q92918	O00506
Q92918	Q9P286
Q92918	Q9NQU5
Q92918	O96013
Q92918	Q8N4C8
Q92918	Q9JM52
Q92918	P97820
Q3SYG4	Q3SYG4
Q5T124	Q5T124
Q496A3	Q496A3
Q96J84	Q96J84
Q9BXF9	Q9BXF9
Q9BXF9	Q8WW24
Q9BXF9	Q969V4
Q92496	Q92496
Q9ULU8	Q9ULU8
Q9ULU8	Q8BYR5
Q7L5A3	Q7L5A3
O95760	O95760
Q9NP84	Q9NP84
Q99190	Q99190
Q99190	Q9NZ01
Q7KLV9	Q7KLV9
Q9SJX7	Q9SJX7
P18859	P18859
Q99594	Q99594
Q99594	Q62296
Q99594	P30051
Q96AA8	Q96AA8
Q8N5C8	Q8N5C8
Q25442	Q25442
Q0KK55	Q0KK55
Q9XHZ8	Q9XHZ8
Q62599	Q62599
O43914	O43914
F4ITL6	F4ITL6
P22140	P22140
O96033	O96033
P09917	P09917
P38937	P38937
Q8WYA6	Q8WYA6
P50895	P50895
Q6ZUJ4	Q6ZUJ4
Q9GZY8	Q9GZY8
P19429	P19429
P19429	P19237
Q8TCE9	Q8TCE9
Q8TCE9	Q3B8N2
Q8TCE9	O08573
Q8TCE9	O00214
Q8TCE9	P17931
Q3KK31	Q3KK31
Q3KK31	Q5ZXA3
O81439	O81439
P05231	P05231
Q45976	Q45976
Q45976	A0A0H3C9D0
Q45976	P0AEC3
Q45976	Q9WZV7
P36124	P36124
Q9NVM4	Q9NVM4
Q12033	Q12033
B0YJ81	B0YJ81
Q9Y376	Q9Y376
O64973	O64973
Q9BY12	Q9BY12
Q86WV6	Q86WV6
P30050	P30050
P46940	P46940
Q9USR9	Q9USR9
Q2RIF5	Q2RIF5
Q2RIF5	P42410
Q8IYX7	Q8IYX7
P38217	P38217
P38217	Q92973
P38217	O14787
Q8GSA7	Q8GSA7
Q19541	Q19541
Q9Y4C2	Q9Y4C2
Q01593	Q01593
P50582	P50582
Q9UKX7	Q9UKX7
G0S4T0	G0S4T0
Q9BU61	Q9BU61
P78536	P78536
Q6ZUT1	Q6ZUT1
Q03393	Q03393
Q969T9	Q969T9
Q969T9	P97765
P32267	P32267
Q06697	Q06697
P22736	P22736
P22736	P43354
P22736	P63059
P22736	P37242
P22736	P10828
P22736	P28700
P22736	P19793
P22736	P48443
P22736	P10276
P22736	P10826
Q06810	Q06810
Q63053	Q63053
P50402	P50402
O75695	O75695
Q08412	Q08412
Q9NV39	Q9NV39
Q13111	Q13111
Q9UQV4	Q9UQV4
O00716	O00716
O00716	Q01094
Q8IY18	Q8IY18
Q9STX0	Q9STX0
Q9M086	Q9M086
P39458	P39458
P38890	P38890
Q6Q1S2	Q6Q1S2
Q6Q1S2	P0DTC2
Q6Q1S2	P59594
Q6Q1S2	Q5GDB5
Q9H2S6	Q9H2S6
P13805	P13805
Q9BUH6	Q9BUH6
O00482	O00482
O00482	Q13285
P52272	P52272
P37840	P37840
P37840	O55042
O00180	O00180
P39730	P39730
P46993	P46993
P43583	P43583
Q8IYE0	Q8IYE0
Q99081	Q99081
Q99081	P15923
Q99081	P15884
P53741	P53741
P09911	P09911
P09911	P0A3C8
P09911	P00221
P09911	P0A3C9
O75113	O75113
Q8VGC3	Q8VGC3
Q8VGC3	O00305
Q8VGC3	D4A055
O61707	O61707
Q96E14	Q96E14
Q9XGM3	Q9XGM3
Q89VB6	Q89VB6
A0JNT9	A0JNT9
A0JNT9	A1A5D9
Q7Z2Z2	Q7Z2Z2
P07991	P07991
Q9ES28	Q9ES28
Q9ES28	O55043
Q9ES28	Q14155
Q8WWV3	Q8WWV3
Q9Z1E1	Q9Z1E1
Q8IYL3	Q8IYL3
Q8IVP5	Q8IVP5
P47037	P47037
P0AFX9	P0AFX9
P0AFX9	P38108
Q8N5A5	Q8N5A5
P16284	P16284
P10105	P10105
P10105	P31274
P10105	O14627
P10105	P09077
P10105	P02833
Q16543	Q16543
Q9GZZ9	Q9GZZ9
O43586	O43586
O43586	P97814
O43586	Q99M15
Q96K78	Q96K78
Q63089	Q63089
P25368	P25368
P00395	P00395
P9WJG3	P9WJG3
Q01959	Q01959
Q06497	Q06497
Q9P291	Q9P291
Q9P291	Q5JY77
Q9P291	Q96D09
Q9BXI6	Q9BXI6
Q9BXI6	O60447
Q9BXI6	Q66K14
Q9BXI6	Q9UPU7
Q9BXI6	Q8VCZ6
Q9BXI6	Q86TI0
Q10432	Q10432
Q13258	Q13258
A5K5E5	A5K5E5
Q9YAF1	Q9YAF1
O95644	O95644
O95644	O94916
O95749	O95749
A0A0H3CBR2	A0A0H3CBR2
P29555	P29555
P29555	P83949
P29555	P09067
B7UMB6	B7UMB6
P10997	P10997
Q6UX06	Q6UX06
Q6UX06	Q80TS3
P08247	P08247
P08247	Q8TBG9
Q12427	Q12427
O43516	O43516
Q86SE5	Q86SE5
Q9BW27	Q9BW27
Q8N423	Q8N423
Q8N423	P43626
Q8N423	Q14952
Q8N423	P43628
Q8N423	P43632
P31381	P31381
Q9BXK5	Q9BXK5
P0CI39	P0CI39
P0CX50	P0CX50
P0CX50	P0CX49
P12809	P12809
P12809	P9WMK1
Q02833	Q02833
P36132	P36132
O64687	O64687
O64687	Q8LBM2
Q6XR72	Q6XR72
Q92838	Q92838
Q9W3I9	Q9W3I9
Q08117	Q08117
Q08117	Q62441
Q08117	Q04724
Q08117	P16371
O54918	O54918
Q14524	Q14524
Q14524	B1AYL1
Q14524	Q99250
Q14524	P35498
Q14524	Q9UQD0
Q79PF6	Q79PF6
Q79PF6	Q79V62
P62280	P62280
Q32KD4	Q32KD4
Q32KD4	Q9HCK5
Q32KD4	Q9H9G7
Q32KD4	Q9UL18
Q32KD4	Q9UKV8
Q32KD4	O74957
Q02630	Q02630
Q02630	Q02629
P30519	P30519
P30519	P23711
P30519	P09601
Q92890	Q92890
Q92890	P70362
P23352	P23352
Q99836	Q99836
A2AM67	A2AM67
P36137	P36137
P04275	P04275
P04275	Q02817
Q9P2K3	Q9P2K3
P46675	P46675
Q05140	Q05140
Q05140	O60641
Q05140	O55012
O60269	O60269
P18481	P18481
P14770	P14770
P14770	Q8BLU0
P14770	Q9NZU0
P14770	Q8BGT1
P14770	Q9HBW1
P14770	Q9HCJ2
Q9I1Y8	Q9I1Y8
P32797	P32797
Q6P589	Q6P589
P52630	P52630
P52630	P52631
P52630	P42227
P52630	P42224
Q96QZ7	Q96QZ7
Q96QZ7	Q5TCQ9
Q96QZ7	Q9JK71
Q96QZ7	O88382
Q8SUS7	Q8SUS7
Q8SUS7	Q06505
P0ABP8	P0ABP8
P08669	P08669
Q969H4	Q969H4
P40056	P40056
O76090	O76090
Q7FRS8	Q7FRS8
Q7FRS8	Q8LAS7
Q183F3	Q183F3
O15259	O15259
Q96HR9	Q96HR9
Q9UBU8	Q9UBU8
Q9UBU8	Q15014
P30822	P30822
P30822	Q6P5F9
P30822	O14980
Q9NWX6	Q9NWX6
Q96QH2	Q96QH2
A0A0E0TG05	A0A0E0TG05
P57764	P57764
Q9BX70	Q9BX70
O35240	O35240
B8GWS7	B8GWS7
Q06078	Q06078
O81775	O81775
Q9H3Q1	Q9H3Q1
Q9H4A6	Q9H4A6
Q9UMD9	Q9UMD9
Q9UMD9	O18407
Q9UMD9	P08572
Q8NI38	Q8NI38
Q8NI38	Q6NXT1
Q8NI38	Q63369
Q8NI38	P19838
Q8NI38	Q04864
Q8NI38	Q00653
Q60795	Q60795
Q8NCE2	Q8NCE2
Q12018	Q12018
P49760	P49760
P49760	P49761
P49760	P22518
P49760	P16892
P49760	Q09690
P49760	Q13627
P49760	Q61214
P49760	Q63470
P49760	Q9Y463
P49760	Q9XTF3
Q9H9P5	Q9H9P5
Q8LAD0	Q8LAD0
A2RU14	A2RU14
Q02574	Q02574
P70347	P70347
P70347	Q92844
Q96RD7	Q96RD7
P0ABU7	P0ABU7
P05453	P05453
P05453	Q9Y450
P05453	O74718
P05453	Q05639
P05453	P68104
P05453	O74774
P05453	P32769
P05453	Q9YAV0
Q61091	Q61091
Q61091	O75084
Q61091	Q61090
Q61091	Q9ULV1
Q07325	Q07325
Q07325	P10145
Q07325	P42830
O95613	O95613
Q40460	Q40460
Q9USX3	Q9USX3
Q9UKG1	Q9UKG1
Q9UKG1	Q8NEU8
Q6VAB6	Q6VAB6
Q6VAB6	Q61097
Q6VAB6	P15056
Q6VAB6	Q99N57
Q6VAB6	P11345
Q6VAB6	P11346
Q6VAB6	O70405
Q6VAB6	O75385
P58505	P58505
P37198	P37198
P37198	Q9H1M0
Q9Y5Q8	Q9Y5Q8
P32372	P32372
P46680	P46680
O23680	O23680
O23680	O81283
Q6UX46	Q6UX46
O88898	O88898
O88898	O15350
O88898	P04637
O88898	P02340
Q96JB5	Q96JB5
P07273	P07273
P07273	Q15560
Q8C4Q6	Q8C4Q6
P59635	P59635
O15037	O15037
Q92786	Q92786
Q92614	Q92614
Q9Y705	Q9Y705
O61464	O61464
O61464	Q0E9B7
P68466	P68466
P02652	P02652
Q2MKA7	Q2MKA7
P25607	P25607
Q5VV41	Q5VV41
Q92351	Q92351
Q8IY67	Q8IY67
Q7L273	Q7L273
Q7L273	Q8N5Z5
Q7L273	Q18776
Q7L273	Q9BQ13
Q8N5L8	Q8N5L8
Q9BUL8	Q9BUL8
Q9P2T0	Q9P2T0
P52657	P52657
O75716	O75716
Q8IVD9	Q8IVD9
Q12038	Q12038
Q39218	Q39218
O43617	O43617
O75004	O75004
P43005	P43005
Q08AM6	Q08AM6
P15502	P15502
P15502	P04985
P56519	P56519
P56519	Q13547
P56519	Q9FML2
Q96CN9	Q96CN9
Q12462	Q12462
Q9LMK7	Q9LMK7
Q9LMK7	Q8RWG8
Q9LMK7	Q9H6Z4
Q96H20	Q96H20
Q9ES57	Q9ES57
Q9ES57	Q6XJV4
P45973	P45973
P45973	P83917
P45973	P23198
P45973	Q99549
O43189	O43189
O43189	Q24459
Q01960	Q01960
Q7Z3Z2	Q7Z3Z2
P01583	P01583
P05019	P05019
P05019	P01344
P05019	P01308
P17987	P17987
P17987	P39078
P17987	P80318
P17987	Q99832
P16328	P16328
P38491	P38491
P43897	P43897
Q15884	Q15884
Q9UH92	Q9UH92
Q13309	Q13309
Q15056	Q15056
Q15056	P23588
Q15056	Q14011
Q15056	P98179
Q15056	Q15415
Q15056	P0DJD3
Q15056	P38159
Q15056	O43251
Q15056	Q8N9W6
Q8BMD2	Q8BMD2
Q8BMD2	Q8IYY4
Q8N143	Q8N143
Q8N143	P34708
Q8N143	O43829
Q8N143	Q66K89
P9WQN5	P9WQN5
P9WQN5	Q8IYT4
Q12905	Q12905
Q12905	Q12906
Q12905	Q96SI9
Q9Y6H5	Q9Y6H5
O60331	O60331
O60331	O70161
P16144	P16144
P16144	P18084
P16144	P05106
P16144	P05556
P16144	P05107
P16144	P26010
P0ADI4	P0ADI4
Q6PF18	Q6PF18
Q6PF18	Q9ET78
Q6PF18	Q8NDC4
Q16667	Q16667
O95214	O95214
Q9UEY8	Q9UEY8
Q9NWF9	Q9NWF9
P43115	P43115
Q9UHI7	Q9UHI7
P0A3E0	P0A3E0
P0A8Z3	P0A8Z3
P13423	P13423
Q13651	Q13651
Q13651	Q61727
Q9ZT50	Q9ZT50
Q9ZT50	Q9ULT6
Q9ZT50	Q9VB08
Q9ZT50	Q99496
Q9ZT50	Q9UKV5
Q9ZT50	Q9SPL2
Q9ZT50	Q9BV68
Q9ZT50	Q9Y4L5
G5ECZ4	G5ECZ4
G5ECZ4	Q3UGF1
P33332	P33332
Q8N6F8	Q8N6F8
P61244	P61244
P61244	P04198
P61244	P01108
P17888	P17888
Q5H9F3	Q5H9F3
Q05952	Q05952
Q92734	Q92734
O15287	O15287
P95435	P95435
Q9UJX2	Q9UJX2
Q9UJX2	Q7T0N9
Q9UJX2	O94556
Q9LE82	Q9LE82
P14621	P14621
Q06263	Q06263
Q15025	Q15025
Q15025	Q96KP6
P39126	P39126
P39126	P08200
P23511	P23511
O43809	O43809
Q9NZV6	Q9NZV6
Q9BRC7	Q9BRC7
Q9BRC7	P51178
Q9BRC7	P08487
Q9BRC7	P19174
Q9BRC7	P10686
Q9BRC7	P16885
P22227	P22227
P22227	Q9UQR1
P22227	Q9UPG8
P22227	Q05215
P22227	P19544
P69853	P69853
P25977	P25977
Q9BYE9	Q9BYE9
Q9BYE9	Q99PF4
Q92688	Q92688
P36108	P36108
P36108	O43633
Q96T60	Q96T60
P78423	P78423
P46100	P46100
Q5ZVS2	Q5ZVS2
Q9NRG0	Q9NRG0
O88907	O88907
O88907	O75928
O88907	Q8N2W9
Q08001	Q08001
Q96MA6	Q96MA6
Q5SZK8	Q5SZK8
Q5SZK8	Q5H8C1
O75323	O75323
P53344	P53344
P50276	P50276
Q08032	Q08032
Q6JXI5	Q6JXI5
Q96QU8	Q96QU8
Q96GX9	Q96GX9
Q8WXU2	Q8WXU2
Q8WXU2	P53804
Q920D5	Q920D5
Q920D5	P55212
Q96LK0	Q96LK0
Q9Y6H1	Q9Y6H1
Q9Y6H1	Q8WYQ3
Q8N1A6	Q8N1A6
Q9Y4G2	Q9Y4G2
Q38825	Q38825
Q38825	P93830
Q38825	P49677
Q38825	Q38830
O14526	O14526
Q9KN41	Q9KN41
O43303	O43303
Q14847	Q14847
Q14847	Q86VF7
Q14847	O76041
Q68E01	Q68E01
Q01454	Q01454
P10085	P10085
P10085	P15173
P51116	P51116
P51116	P35922
A0A0H3C899	A0A0H3C899
Q9NPJ6	Q9NPJ6
P09613	P09613
Q9LVI4	Q9LVI4
Q9LVI4	Q58G47
Q9LVI4	Q9LMA8
Q9LVI4	Q9S7M2
Q9BV86	Q9BV86
Q9DC40	Q9DC40
Q9DC40	Q9Y4R8
P39743	P39743
P05141	P05141
Q8KNZ7	Q8KNZ7
O75496	O75496
P25054	P25054
Q96MA1	Q96MA1
A8MQ03	A8MQ03
Q8DS93	Q8DS93
P38134	P38134
P38134	P96716
O94929	O94929
Q8N8R7	Q8N8R7
Q9Z325	Q9Z325
P0A940	P0A940
Q39057	Q39057
Q39057	Q9SK53
Q9BQA9	Q9BQA9
Q8WY64	Q8WY64
P49257	P49257
Q9Y4X5	Q9Y4X5
Q9Y4X5	O95376
Q92540	Q92540
P35154	P35154
Q6ZU52	Q6ZU52
Q09725	Q09725
Q9P0N8	Q9P0N8
Q9P0N8	Q9H992
P33402	P33402
P73334	P73334
Q8IVG9	Q8IVG9
O75896	O75896
Q96K21	Q96K21
Q09065	Q09065
Q9HCD5	Q9HCD5
P49715	P49715
P49715	P17676
P49715	Q05826
Q9BRK4	Q9BRK4
Q23973	Q23973
G5EE01	G5EE01
G5EE01	A0A2I3TNH3
G5EE01	P60484
P11710	P11710
Q9H8V3	Q9H8V3
Q9H8V3	Q92547
Q6FI35	Q6FI35
Q6FI35	Q03392
Q6FI35	P15873
P53197	P53197
P53197	Q8AVG7
P53197	Q12834
P53197	Q9UM11
P53197	P78972
P07663	P07663
P07371	P07371
Q5SJ82	Q5SJ82
Q13136	Q13136
Q13136	O75335
Q9H7E9	Q9H7E9
P33334	P33334
P10909	P10909
Q06682	Q06682
Q9D0P5	Q9D0P5
O14832	O14832
Q9H269	Q9H269
Q9H269	G0S6M7
P53927	P53927
Q86UU0	Q86UU0
Q86UU0	O00512
Q9NRM1	Q9NRM1
Q96FM1	Q96FM1
P51959	P51959
P41809	P41809
Q9I1Y9	Q9I1Y9
Q9I1Y9	Q9HT12
P07866	P07866
P40565	P40565
P20963	P20963
P36894	P36894
P36894	O00238
P36894	P36896
P36894	Q64729
A0A0H3NHZ2	A0A0H3NHZ2
Q9Y3D6	Q9Y3D6
Q5VTR2	Q5VTR2
O67056	O67056
P40259	P40259
Q06580	Q06580
P03132	P03132
O00258	O00258
P04050	P04050
Q9NS56	Q9NS56
Q5MP56	Q5MP56
P03243	P03243
Q9BRT9	Q9BRT9
O94763	O94763
Q12800	Q12800
Q6GQQ9	Q6GQQ9
Q4AB30	Q4AB30
Q15427	Q15427
Q15427	Q86U86
Q15427	P21187
Q15427	P04147
Q15427	P31483
Q15427	Q80ZW7
Q15427	P19338
Q15427	Q99383
Q15427	P51991
Q15427	P22626
Q15427	P09651
Q5VZV1	Q5VZV1
Q5VZV1	Q8WXB1
Q96B96	Q96B96
P0AEC8	P0AEC8
P53365	P53365
Q86XR8	Q86XR8
Q86XR8	Q8IYX8
Q86XR8	Q6P2R3
P08546	P08546
P13196	P13196
P13196	P22557
P38349	P38349
Q9H788	Q9H788
Q9H788	P20936
Q9H788	P50904
P09622	P09622
D1J6P8	D1J6P8
D1J6P8	Q5TLG6
P0A366	P0A366
O95149	O95149
A0A0F6B1Q8	A0A0F6B1Q8
Q9NY61	Q9NY61
Q96G04	Q96G04
Q9QXT0	Q9QXT0
F5HB81	F5HB81
Q9ULR3	Q9ULR3
Q01950	Q01950
P13994	P13994
P32457	P32457
P32457	P42208
P32457	Q15019
P32457	Q16181
P32457	O55131
P32457	O43236
P32457	Q99719
P32457	Q8WYJ6
P32457	Q92599
P32457	Q9NVA2
P32457	Q9R1T4
P32457	Q14141
P32457	P32468
P32457	Q9UH03
P32457	Q8IYM1
P32457	Q9D451
P32457	Q07657
P32457	P25342
P48230	P48230
P48230	P30408
P10798	P10798
O14746	O14746
O76081	O76081
O76081	Q9UGC6
O76081	P49796
O76081	P41220
O76081	O15492
O76081	Q9NS28
O76081	P49799
O76081	P49798
Q16625	Q16625
O14618	O14618
O14618	P00441
O14618	P0CW86
P23291	P23291
P23291	P29295
P23291	P48729
P23291	P67828
P23291	P49674
P23291	Q59FJ7
Q02040	Q02040
P36776	P36776
Q8N4P3	Q8N4P3
P0AEN4	P0AEN4
Q96HD9	Q96HD9
Q96HD9	P45381
Q9Y608	Q9Y608
O43070	O43070
Q99393	Q99393
B7UM93	B7UM93
P10768	P10768
Q9NVH2	Q9NVH2
P25786	P25786
P25786	P40303
P25786	P25788
O60844	O60844
Q8IEW2	Q8IEW2
Q9Z1W4	Q9Z1W4
Q9NV12	Q9NV12
P30533	P30533
P84875	P84875
P84875	P05067
P84875	Q03157
P40965	P40965
P51610	P51610
Q8TC20	Q8TC20
Q8VDU0	Q8VDU0
Q8VDU0	Q86YR5
Q53FD0	Q53FD0
Q53FD0	J3KMY6
O60346	O60346
O60346	Q6ZVD8
Q96HH6	Q96HH6
Q9C4Z7	Q9C4Z7
O34507	O34507
O34507	P9WI81
O34507	P9WI75
P01350	P01350
P21673	P21673
P21673	Q96F10
P35347	P35347
P35347	P34998
Q9LV40	Q9LV40
Q746J7	Q746J7
Q55544	Q55544
Q9Y224	Q9Y224
Q8WTR7	Q8WTR7
Q8WTR7	Q9BX82
Q8WTR7	P49910
Q8WTR7	Q8TAU3
Q8WTR7	Q96SQ5
Q8WTR7	P51814
Q8WTR7	Q8N184
Q8WTR7	Q86WZ6
Q8WTR7	Q9P2J8
Q8WTR7	Q9NZL3
Q8WTR7	Q9UK11
Q8WTR7	Q9BR84
Q8WTR7	O43296
Q8WTR7	Q9NTW7
Q8WTR7	Q8NEP9
Q8WTR7	P52737
Q8WTR7	Q9ULM2
Q8WTR7	Q9P0L1
Q8WTR7	Q86UD4
Q8WTR7	Q8TBZ5
Q8WTR7	Q9NR11
Q8WTR7	P17029
Q8WTR7	P52736
Q8WTR7	Q3KQV3
Q8WTR7	O14978
Q8WTR7	Q8NF99
Q8WTR7	O15535
Q8WTR7	Q9H9D4
Q8WTR7	Q6NX49
Q8WTR7	O43167
Q8WTR7	Q96NL3
Q8WTR7	Q9BUY5
Q8WTR7	Q8TA44
Q8WTR7	P49711
Q8WTR7	Q13105
Q8WTR7	Q6NX45
Q8WTR7	P17031
Q8WTR7	Q8N393
Q8WTR7	Q9H707
Q8WTR7	Q7Z3I7
Q8WTR7	Q6ZSB9
Q8WTR7	Q96PQ6
Q8WTR7	Q8NC26
Q8WTR7	Q2QGD7
Q8WTR7	A8K8V0
Q8WTR7	Q8IZ26
Q8WTR7	Q9BV97
Q8WTR7	Q96C28
Q8WTR7	Q96IT1
Q8WTR7	Q14584
Q8WTR7	Q8NDP4
Q96FF9	Q96FF9
P0A6A8	P0A6A8
Q13287	Q13287
P20795	P20795
Q8IYX3	Q8IYX3
O88704	O88704
Q9NNX1	Q9NNX1
G5E9W6	G5E9W6
Q14896	Q14896
Q14896	O70468
Q14896	Q00872
P26196	P26196
P26196	Q9UMR2
P26196	Q9NUU7
P26196	O00571
P26196	P20449
P26196	P38919
P26196	Q14240
Q8R4T5	Q8R4T5
Q4UU85	Q4UU85
Q4UU85	P06628
Q9UJW9	Q9UJW9
Q9BZE4	Q9BZE4
O60563	O60563
G0SHM3	G0SHM3
D2CVN7	D2CVN7
P29283	P29283
Q61738	Q61738
Q0PEV3	Q0PEV3
Q0PEV3	Q92N10
Q46896	Q46896
P77969	P77969
Q3U6Q4	Q3U6Q4
P45481	P45481
P45481	Q09472
P32786	P32786
Q00604	Q00604
Q9BT49	Q9BT49
Q9BT49	Q9NVV9
Q9BT49	Q8NA92
Q99394	Q99394
Q99394	O75865
Q9I7U5	Q9I7U5
B3FK34	B3FK34
Q9QUM4	Q9QUM4
Q9QUM4	Q13291
Q9H9E3	Q9H9E3
P18851	P18851
P18851	Q40687
B7UM94	B7UM94
P33767	P33767
P12945	P12945
P21964	P21964
Q8WXF7	Q8WXF7
Q8WXF7	Q9VC57
O15160	O15160
O95801	O95801
P41411	P41411
P41411	Q99741
P14618	P14618
P14618	P52489
Q9BSL1	Q9BSL1
Q96GE4	Q96GE4
Q92966	Q92966
O15197	O15197
P06748	P06748
P06748	Q86SE8
P06748	O75607
P08949	P08949
O55057	O55057
O55057	O43924
F8VQB6	F8VQB6
F8VQB6	Q9HD67
F8VQB6	P79114
F8VQB6	P02563
F8VQB6	Q02566
F8VQB6	P12883
F8VQB6	Q99323
F8VQB6	P35748
F8VQB6	Q8VDD5
F8VQB6	P02566
F8VQB6	P19524
F8VQB6	P08964
F8VQB6	Q9I8D1
F8VQB6	P36006
F8VQB6	O00159
F8VQB6	Q7RQ71
P40238	P40238
Q92530	Q92530
P19419	P19419
O95045	O95045
Q02280	Q02280
Q02280	O95259
Q9VYG1	Q9VYG1
Q9BTE6	Q9BTE6
P00698	P00698
P42345	P42345
Q9VVV9	Q9VVV9
O49974	O49974
O49974	Q6UD73
O49974	Q9NWZ3
O49974	Q8R4K2
O49974	O48814
O49974	O80719
O49974	Q41328
O49974	P29597
O49974	Q62120
O49974	O60674
O49974	P52333
O49974	G7KAT5
O49974	O22476
O49974	P47735
O49974	Q9SYQ8
O49974	Q8LPB4
O49974	Q9XIC7
O49974	Q94F62
O49974	Q94AG2
O49974	Q9ASS4
O49974	Q9FE20
O49974	Q40234
O49974	Q9LLD3
O49974	Q40126
O49974	Q9FL28
O49974	C0LGT6
O49974	Q40640
O49974	E6YC17
O49974	C6ZRY5
O49974	Q9NYL2
O49974	P57078
O49974	Q05652
O49974	Q9Y572
O49974	Q62190
O49974	Q8N8A2
Q9H598	Q9H598
P55058	P55058
Q13286	Q13286
Q96SD1	Q96SD1
P00540	P00540
P00540	Q5S007
P00540	Q5S006
Q9UG22	Q9UG22
Q9UG22	Q8NHV1
Q570C0	Q570C0
Q570C0	Q9ZR12
Q570C0	Q9LPW7
Q570C0	O04197
A9CQL4	A9CQL4
A9CQL4	Q6UVJ0
Q14721	Q14721
Q14721	Q62897
Q14721	Q9UK17
Q14721	Q8UW33
Q14721	P17658
Q14721	Q16322
Q14721	Q09470
Q6UWE0	Q6UWE0
Q9NNX6	Q9NNX6
Q9NNX6	Q9UBG0
Q9NNX6	Q8WXI8
Q9NQ48	Q9NQ48
Q8IXM2	Q8IXM2
Q6N021	Q6N021
P73213	P73213
P49815	P49815
P52179	P52179
Q969T4	Q969T4
Q969T4	P15731
Q969T4	P61077
Q969T4	Q9Y2X8
Q969T4	Q96LR5
Q969T4	P51668
Q969T4	Q9NPD8
Q969T4	P68036
Q969T4	O14933
Q969T4	P61088
Q969T4	P63148
Q969T4	Q96B02
Q969T4	Q13404
Q969T4	P63279
Q969T4	P40984
Q969T4	G0SCM5
Q969T4	Q96AX1
Q9BUJ2	Q9BUJ2
Q9BUJ2	Q00839
P14736	P14736
P33896	P33896
P33896	P17181
P32321	P32321
Q14061	Q14061
Q3KK32	Q3KK32
Q3KK32	Q5ZXA4
P73241	P73241
P42844	P42844
P42260	P42260
P42260	P19490
P42260	P19493
P42260	P19491
P42260	P19492
P63251	P63251
P63251	Q63664
P63251	Q14654
P63251	P48050
P63251	P35561
P63251	P78508
P63251	Q9JM63
P0A6H5	P0A6H5
Q9Y3A5	Q9Y3A5
P40537	P40537
Q13352	Q13352
O14653	O14653
Q9UK99	Q9UK99
O24646	O24646
O24646	Q8W191
Q9UMX1	Q9UMX1
P02929	P02929
Q99613	Q99613
Q9NRG1	Q9NRG1
Q9NRG1	P00492
Q9BQG2	Q9BQG2
Q8BUV3	Q8BUV3
Q8BUV3	Q03555
P19438	P19438
P19438	Q71F55
O60941	O60941
O95197	O95197
O95197	Q9ES97
P25445	P25445
P25445	P25446
P25445	O00220
P25445	O14763
P25445	Q9UBN6
Q7Z6K5	Q7Z6K5
P25655	P25655
Q9BZQ8	Q9BZQ8
Q6X1Y7	Q6X1Y7
P14324	P14324
Q9LKL2	Q9LKL2
P70315	P70315
P70315	P42768
P70315	O00401
P70315	O08816
P70315	Q91YD9
P70315	Q95107
Q9ERL7	Q9ERL7
P9WF41	P9WF41
Q9UQK1	Q9UQK1
P55157	P55157
P37802	P37802
P06731	P06731
P06731	P13688
P06731	Q00887
P06731	Q9UQ72
P23327	P23327
F6KMV5	F6KMV5
Q16586	Q16586
Q80ZE3	Q80ZE3
Q80ZE3	Q08ET2
Q8WXD5	Q8WXD5
Q96CG3	Q96CG3
Q04941	Q04941
Q96Q83	Q96Q83
O53203	O53203
Q9UHP7	Q9UHP7
Q8ML92	Q8ML92
P62952	P62952
Q9BTY2	Q9BTY2
P53159	P53159
P05111	P05111
Q3SXY8	Q3SXY8
Q3SXY8	P11076
Q3SXY8	P84078
Q3SXY8	P61750
Q3SXY8	P84077
Q3SXY8	P36404
Q3SXY8	Q9D0J4
Q3SXY8	P38116
Q3SXY8	P62330
Q3SXY8	P62331
Q3SXY8	P40940
Q3SXY8	Q9H0F7
G5ECH5	G5ECH5
Q13064	Q13064
Q13064	Q9UHC7
Q13064	Q9H000
Q8N302	Q8N302
C0H3R4	C0H3R4
O06874	O06874
P38720	P38720
O43395	O43395
P03139	P03139
O95295	O95295
Q96P71	Q96P71
Q96P71	Q7Z6G3
Q6ZNX1	Q6ZNX1
P46956	P46956
P30518	P30518
Q9Y3R4	Q9Y3R4
P17891	P17891
Q96LI6	Q96LI6
P28707	P28707
P53674	P53674
P53674	P43320
P53674	P07320
P53674	P07315
P53674	P05813
P53674	P53673
P33981	P33981
P33981	O94235
P33981	Q09170
P33981	Q96PN8
P33981	P51955
P33981	P43565
P33981	Q9HC98
P33981	Q8TDX7
P23509	P23509
P23509	P52415
P23509	Q00081
P0AFZ5	P0AFZ5
P54999	P54999
Q86V42	Q86V42
Q86V42	Q9H5Z6
P24394	P24394
P32829	P32829
P32829	Q09683
Q9BXM7	Q9BXM7
Q8VE98	Q8VE98
Q8VE98	O75144
Q8TDQ7	Q8TDQ7
Q5I0X4	Q5I0X4
P14204	P14204
Q8NDV7	Q8NDV7
Q8NDV7	Q9UPQ9
Q8NDV7	Q8BKI2
O60220	O60220
P01019	P01019
P16410	P16410
P16410	P10747
Q12301	Q12301
Q9NTM9	Q9NTM9
Q8N865	Q8N865
Q8LJT8	Q8LJT8
P36956	P36956
P36956	Q12772
Q86Y26	Q86Y26
Q86Y26	A1L443
P19214	P19214
Q62193	Q62193
G5EC37	G5EC37
P53394	P53394
P46683	P46683
O94985	O94985
Q9HBA0	Q9HBA0
Q9HBA0	O35433
Q9HBA0	Q9H1D0
Q9HBA0	Q9XSM3
P9WIP9	P9WIP9
Q9NXK8	Q9NXK8
Q5D1E8	Q5D1E8
Q9LZP9	Q9LZP9
Q9LZP9	A6Q0K5
Q57W55	Q57W55
Q57W55	P50542
Q57W55	Q8IYB4
Q57W55	P35056
P0AAN9	P0AAN9
Q9H832	Q9H832
Q9H832	P33296
Q9H832	P14682
Q9H832	P60605
Q9H832	P60604
Q9H832	P49427
P09466	P09466
Q96PV6	Q96PV6
Q9UBS8	Q9UBS8
P69957	P69957
Q8KC98	Q8KC98
P05109	P05109
P43246	P43246
Q9NXC2	Q9NXC2
Q96AP0	Q96AP0
Q96NC0	Q96NC0
O88508	O88508
O88508	Q9CWR8
P02943	P02943
Q9KA85	Q9KA85
Q9UPY3	Q9UPY3
P20701	P20701
Q9P2J5	Q9P2J5
Q8K4M9	Q8K4M9
Q8K4M9	Q9H1P3
Q8K4M9	Q9LZM1
O31435	O31435
Q9BZD4	Q9BZD4
Q4KMG0	Q4KMG0
Q4KMG0	O35158
Q4KMG0	Q32MD9
Q4KMG0	Q9BWV1
P01282	P01282
Q9FIP9	Q9FIP9
P29728	P29728
P29728	P00973
P29728	P11928
P27692	P27692
Q7M6U3	Q7M6U3
Q3V3N7	Q3V3N7
O75934	O75934
P40169	P40169
Q05084	Q05084
Q8N5K1	Q8N5K1
P07274	P07274
Q9BRX5	Q9BRX5
P89113	P89113
P83436	P83436
O43688	O43688
O43688	O14494
A0A1V1IGJ9	A0A1V1IGJ9
A0A1V1IGJ9	P01857
A0A1V1IGJ9	P61769
Q4J9K8	Q4J9K8
Q9UHE5	Q9UHE5
Q9RPX5	Q9RPX5
Q9RPX5	P17800
Q9RPX5	Q7X251
Q6NYC8	Q6NYC8
P13365	P13365
Q8N196	Q8N196
Q8N196	Q62233
Q8N196	Q62232
Q8N196	Q62231
Q8N196	Q15475
P52907	P52907
P07270	P07270
Q9UJ68	Q9UJ68
Q7KNQ9	Q7KNQ9
Q9Y6G9	Q9Y6G9
Q9Y6G9	G5ECK7
P46060	P46060
P47897	P47897
P42838	P42838
P42838	P53740
P42838	P25656
P42838	Q8VEK0
P42838	Q9NV96
P26651	P26651
P26651	G5EC86
P02765	P02765
P32558	P32558
Q6P1M0	Q6P1M0
Q14738	Q14738
Q14738	Q13362
Q14738	Q15172
Q14738	Q6DFL3
Q14738	Q91V89
Q14738	A9YWT2
Q14738	Q5XH34
Q14738	Q10428
P36639	P36639
Q54714	Q54714
Q54714	Q01952
Q86UW9	Q86UW9
Q86UW9	Q8N9I9
Q9D7R2	Q9D7R2
Q86YD3	Q86YD3
Q15256	Q15256
Q15256	Q62132
Q15256	P35236
Q15256	P54829
Q15256	P54830
Q15256	O01767
Q15256	O61789
Q15256	Q12923
Q15256	P29351
Q15256	Q06124
Q15256	P43378
Q15256	Q16825
Q15256	P18031
Q15256	O13016
Q15256	P17706
Q15256	A1ZAB3
Q15256	Q16849
Q5I0X7	Q5I0X7
Q5I0X7	Q9MUK5
P05155	P05155
O00161	O00161
O00161	P60881
Q9XVI2	Q9XVI2
Q9Y3A4	Q9Y3A4
P36148	P36148
Q8VZS8	Q8VZS8
Q8VZS8	O49686
Q8VZS8	O80992
Q8VZS8	Q9SSM7
Q8VZS8	Q84MC7
P69786	P69786
Q9P253	Q9P253
P40848	P40848
P40848	Q9U299
P40848	Q9H0D6
O35274	O35274
Q02354	Q02354
Q08919	Q08919
Q02908	Q02908
Q9UGY1	Q9UGY1
Q9UGY1	Q04031
Q9UBB9	Q9UBB9
O15118	O15118
Q9NVS9	Q9NVS9
Q9NVS9	P38075
Q9UI08	Q9UI08
Q9UI08	P50552
Q9NTX7	Q9NTX7
P24276	P24276
Q6ZPF4	Q6ZPF4
P59637	P59637
P41958	P41958
Q08280	Q08280
O75164	O75164
Q9P0V3	Q9P0V3
P0A988	P0A988
Q23529	Q23529
P07620	P07620
O96007	O96007
P73314	P73314
P39727	P39727
P39727	Q9Y282
P38987	P38987
P49334	P49334
Q9P7A0	Q9P7A0
P52655	P52655
P0ABH0	P0ABH0
P91870	P91870
P27708	P27708
P04183	P04183
Q9UBX3	Q9UBX3
P15941	P15941
Q13620	Q13620
Q13620	Q94AH6
Q13620	Q13616
Q13620	Q9WTX6
Q13620	Q09760
Q13620	Q9ZVH4
Q13620	Q17391
Q13620	Q13618
Q8N653	Q8N653
P18074	P18074
Q8WV22	Q8WV22
P0AD68	P0AD68
P0CH43	P0CH43
P36104	P36104
Q92624	Q92624
Q5T7P3	Q5T7P3
Q5T7P3	Q5TA82
Q5T7P3	Q5T5B0
Q96BA8	Q96BA8
Q96BA8	O43889
P77774	P77774
P55980	P55980
Q15012	Q15012
Q9NR56	Q9NR56
O14064	O14064
Q6NT76	Q6NT76
P13002	P13002
P13002	Q6ISB3
Q6AWX6	Q6AWX6
Q8WUX9	Q8WUX9
P15379	P15379
Q04377	Q04377
Q9NPE6	Q9NPE6
Q9NPE6	Q9D666
Q9NPE6	Q8BJS4
Q9NPE6	Q9UH99
Q9NPE6	O94901
Q9NR31	Q9NR31
Q9NR31	P20606
Q9NR31	Q969Q4
Q9NR31	P84084
Q9NR31	Q9WUL7
Q9NR31	P36406
Q96HT8	Q96HT8
O14530	O14530
P13338	P13338
P07195	P07195
P07195	P00338
P07195	P49814
Q12888	Q12888
Q12888	P70399
Q86UC2	Q86UC2
P03459	P03459
P03459	P04663
P51534	P51534
P0DMV0	P0DMV0
P0DMV0	Q8NHU0
P00729	P00729
P06465	P06465
Q5SYB0	Q5SYB0
Q5SYB0	Q14CM0
Q9Y5U9	Q9Y5U9
P0DUC9	P0DUC9
P0DUC9	P0DUD0
Q9UMX2	Q9UMX2
P51946	P51946
P51946	P36613
Q9FEW9	Q9FEW9
O76061	O76061
Q96GS4	Q96GS4
Q13671	Q13671
Q9W1H5	Q9W1H5
Q9W1H5	Q8IZD4
Q9W1H5	Q9NPI6
Q9W1H5	Q9SJF3
Q9BRQ3	Q9BRQ3
Q8TAB5	Q8TAB5
Q68DK2	Q68DK2
Q62406	Q62406
Q62406	Q8K4B2
Q62406	O43187
Q62406	Q944A7
Q9NV88	Q9NV88
O13816	O13816
Q99SU7	Q99SU7
Q9Y6I9	Q9Y6I9
P40527	P40527
Q8K3Y6	Q8K3Y6
O00206	O00206
Q47505	Q47505
P37542	P37542
Q7NVC1	Q7NVC1
O95416	O95416
O95416	P35712
O95416	P35711
O95416	P91943
O95416	Q9UJU2
O95416	Q06831
O95416	Q61473
O95416	P48432
O95416	Q10666
P55854	P55854
P55854	P61956
P55854	P63166
P55854	G2XKQ0
P55854	Q5I0H3
P55854	P55852
P55854	Q12306
Q9VEX9	Q9VEX9
Q96M95	Q96M95
Q13098	Q13098
Q13098	P45432
O60566	O60566
Q05871	Q05871
P15822	P15822
O94907	O94907
B8GW31	B8GW31
B8GW31	P37522
P78381	P78381
Q66PJ3	Q66PJ3
Q8WXI2	Q8WXI2
Q5XPJ9	Q5XPJ9
Q5XPJ9	Q5XPK0
P52757	P52757
P52757	P15882
P52757	A7KAX9
P52757	O14559
P52757	A6X8Z5
P52757	Q13017
P52757	Q5T5U3
P52757	O43295
P52757	O75044
P52757	Q96P48
P52757	Q8N264
P52757	Q15311
P52757	P39960
Q9H9L4	Q9H9L4
Q9H9L4	Q9VAF4
Q96Q42	Q96Q42
Q12893	Q12893
P55891	P55891
Q9UBE0	Q9UBE0
Q8IWA6	Q8IWA6
Q01814	Q01814
Q01814	P20020
Q01814	Q9LF79
Q9HCK0	Q9HCK0
Q8IWL3	Q8IWL3
Q8TAF8	Q8TAF8
Q8WWY3	Q8WWY3
B1Q2W9	B1Q2W9
B1Q2W9	Q6XGM8
Q9X2H8	Q9X2H8
Q3KR16	Q3KR16
Q9BZW8	Q9BZW8
O60132	O60132
P57075	P57075
P57075	Q8TF42
Q9Y3B7	Q9Y3B7
Q9UID3	Q9UID3
Q9H400	Q9H400
Q16617	Q16617
Q9UID6	Q9UID6
Q3KNW5	Q3KNW5
Q3KNW5	Q14973
P52286	P52286
P52286	Q9Y709
P52286	Q9FHW7
P52286	Q9C5T5
P52286	P63208
P52286	Q39255
Q99288	Q99288
Q92828	Q92828
Q92828	Q8C0P5
Q92828	O89053
Q92828	P31146
P07954	P07954
Q96EH5	Q96EH5
P76015	P76015
O84064	O84064
P9WGE1	P9WGE1
Q3E784	Q3E784
P03004	P03004
P03004	P05648
P03004	O26057
Q96IZ0	Q96IZ0
Q96IZ0	Q62627
P47083	P47083
P35520	P35520
P35520	Q43725
P35520	Q93244
Q9Y2K1	Q9Y2K1
P38107	P38107
O96011	O96011
Q9VPQ6	Q9VPQ6
P36125	P36125
P36125	Q53HI1
Q08980	Q08980
Q03135	Q03135
Q03135	P51637
Q03135	P56539
P13045	P13045
Q8IYD8	Q8IYD8
Q86US8	Q86US8
I1HB13	I1HB13
O22456	O22456
O22456	Q6EU39
O22456	Q10CQ1
O22456	P48007
O22456	P35632
Q14114	Q14114
Q14114	P98155
Q14114	P01130
Q14114	Q92673
Q14114	Q9JI18
Q14114	Q07954
Q14114	O75096
Q14114	O75197
Q14114	O75581
P06576	P06576
P06576	O07025
P06576	A0A0H3NB84
P38632	P38632
P38632	Q9VNJ0
P38632	O88846
P15514	P15514
Q9Y580	Q9Y580
Q9Y580	P26599
Q9Y580	Q91Z31
Q9Y580	Q9UKA9
Q96LM6	Q96LM6
Q9UGR2	Q9UGR2
P59595	P59595
P10809	P10809
P10809	P0A6F5
P10809	P19882
P10809	Q05972
P10809	P9WPE7
Q9BVV2	Q9BVV2
O25560	O25560
P37268	P37268
P57060	P57060
Q920Q2	Q920Q2
Q15438	Q15438
Q15438	Q9UIA0
Q15438	Q9Y6D5
Q15438	Q42510
Q15438	Q5JU85
Q15438	A4GZ26
Q15438	Q92538
Q8N1L9	Q8N1L9
P30309	P30309
P30309	P30307
Q9BSE2	Q9BSE2
P60329	P60329
P60329	P59991
P60329	P59990
P60329	Q6PEX3
Q6IA69	Q6IA69
Q12163	Q12163
O75386	O75386
Q8WXE9	Q8WXE9
Q9H211	Q9H211
Q9NWV8	Q9NWV8
Q17RB8	Q17RB8
P23561	P23561
P23561	Q9S7U9
P23561	Q66MH7
P23561	Q94A06
P23561	Q62925
P33225	P33225
P33225	P18775
Q92968	Q92968
O95990	O95990
Q9NXX6	Q9NXX6
E9M5R0	E9M5R0
P41236	P41236
Q9Y6C2	Q9Y6C2
P22523	P22523
Q05129	Q05129
Q5U5X0	Q5U5X0
Q13563	Q13563
Q13563	Q9P0L9
P62266	P62266
P38429	P38429
Q9CXW4	Q9CXW4
P43605	P43605
Q9Y6W3	Q9Y6W3
B7UI21	B7UI21
Q9FYL3	Q9FYL3
O60701	O60701
P39769	P39769
P49639	P49639
P49639	P09022
P49639	P09632
P49639	P09087
P49639	P18111
P49639	P50222
P49639	P50221
P49639	Q80Z64
P49639	O95231
P49639	Q9WUI0
Q02805	Q02805
Q02805	P43602
Q12815	Q12815
Q9P2Z0	Q9P2Z0
Q04205	Q04205
Q04205	Q68CZ2
Q9SQI2	Q9SQI2
P53692	P53692
O00255	O00255
P12254	P12254
Q9H1K0	Q9H1K0
P08243	P08243
Q8WV99	Q8WV99
P29144	P29144
Q15075	Q15075
P0CY10	P0CY10
P0CY10	P46601
P0CY10	P40426
P0CY10	P40424
P0CY10	P41778
P0CY10	Q9BYU1
P0CY10	P40427
P0CY10	A8MTQ0
Q8TED1	Q8TED1
Q6P1W5	Q6P1W5
P35225	P35225
Q8WYR4	Q8WYR4
Q569H4	Q569H4
P0A9H3	P0A9H3
Q13114	Q13114
Q13114	Q60803
Q13114	O00463
Q13114	Q13077
Q13114	P39429
Q96AQ1	Q96AQ1
O75069	O75069
P09326	P09326
Q9Y5W5	Q9Y5W5
Q9Y5W5	P18168
Q9Y5W5	P78504
Q9Y5W5	P07207
Q9Y5W5	P46531
Q47506	Q47506
P62633	P62633
P62633	P89903
P62633	P03347
P62633	P04591
P62633	Q72497
Q9EQZ6	Q9EQZ6
P0A8T7	P0A8T7
P0A8T7	P37871
P00842	P00842
P00842	P05496
Q9BTD8	Q9BTD8
Q9P7N4	Q9P7N4
Q7Z3B3	Q7Z3B3
P05845	P05845
O15553	O15553
O15553	P14373
O15553	Q9C035
O15553	Q9Y577
Q8I3V5	Q8I3V5
O95429	O95429
Q7L4P6	Q7L4P6
Q9NY27	Q9NY27
P15303	P15303
P15303	Q15437
P15303	Q01405
P15303	Q15436
P29539	P29539
Q8NB16	Q8NB16
Q8NB16	Q9Z2R9
Q8NB16	Q5VST9
Q8NB16	P15442
Q02767	Q02767
Q02767	Q9UK41
Q9NU23	Q9NU23
O00559	O00559
Q99PZ6	Q99PZ6
B8LIX8	B8LIX8
B8LIX8	Q9Y547
Q07889	Q07889
Q07889	Q07890
Q12674	Q12674
Q924T7	Q924T7
Q60698	Q60698
Q60698	P12757
O22265	O22265
P40531	P40531
Q96PM5	Q96PM5
P36088	P36088
Q9P0N9	Q9P0N9
Q5S2C3	Q5S2C3
Q8IYW5	Q8IYW5
Q12849	Q12849
Q12849	P52597
O60861	O60861
Q9Y242	Q9Y242
P64467	P64467
Q96GA7	Q96GA7
Q9CQP2	Q9CQP2
Q9H7E2	Q9H7E2
P36662	P36662
Q9ZVD0	Q9ZVD0
Q6LA42	Q6LA42
Q9Y248	Q9Y248
Q9VJ83	Q9VJ83
Q9UBL3	Q9UBL3
G3C9P1	G3C9P1
P40969	P40969
Q8IUR0	Q8IUR0
Q6UWX4	Q6UWX4
Q6UWX4	Q96QV1
Q9BZR8	Q9BZR8
Q12270	Q12270
Q3SY00	Q3SY00
O43752	O43752
O43752	O60499
Q9Y2D8	Q9Y2D8
Q96MN5	Q96MN5
Q8TF63	Q8TF63
Q86WV7	Q86WV7
Q92847	Q92847
Q99ZW1	Q99ZW1
Q92974	Q92974
Q92974	Q60875
B3GBX7	B3GBX7
Q9NZ81	Q9NZ81
Q9BQ70	Q9BQ70
P16083	P16083
Q95RR8	Q95RR8
Q95RR8	Q7SDP4
O95859	O95859
O95859	O14817
Q9BQB6	Q9BQB6
P0ADS2	P0ADS2
Q9UHB7	Q9UHB7
Q8R2X8	Q8R2X8
Q8R2X8	Q9H2G9
Q9UBR2	Q9UBR2
Q9R002	Q9R002
Q9R002	O14862
Q53W63	Q53W63
Q8W207	Q8W207
Q01560	Q01560
Q6ZPF3	Q6ZPF3
Q6ZPF3	Q60610
Q6ZPF3	Q13009
P38996	P38996
P41227	P41227
Q9DB43	Q9DB43
O95863	O95863
O95863	P52739
O95863	O14901
O95863	Q13118
O95863	Q9UIH9
O95863	Q60793
O95863	Q9BQA5
Q14213	Q14213
Q9H6L5	Q9H6L5
Q9H6L5	Q86VR2
Q14534	Q14534
Q92567	Q92567
Q8ZLZ4	Q8ZLZ4
Q96EY4	Q96EY4
Q8N5G2	Q8N5G2
Q9DBB1	Q9DBB1
Q9DBB1	P28562
Q9DBB1	Q02256
Q9DBB1	Q9UNI6
P22674	P22674
Q9N4U5	Q9N4U5
P85299	P85299
Q96CN5	Q96CN5
Q9NWW5	Q9NWW5
O60337	O60337
P29340	P29340
Q9HCH5	Q9HCH5
Q9HCH5	Q9R0Q1
Q9HCH5	Q96C24
Q9HCH5	Q8TDW5
Q9BWG6	Q9BWG6
P56282	P56282
Q10953	Q10953
Q9R1S0	Q9R1S0
Q92485	Q92485
P04141	P04141
P36023	P36023
P09191	P09191
Q9HCG8	Q9HCG8
Q96IZ2	Q96IZ2
Q9I580	Q9I580
P40729	P40729
P34252	P34252
O42709	O42709
P06400	P06400
P06400	P13405
P06400	P33568
Q15465	Q15465
Q15465	Q62226
Q15465	P97812
O96006	O96006
P60568	P60568
Q8N9I5	Q8N9I5
Q08722	Q08722
Q9H8H0	Q9H8H0
P41002	P41002
Q96AJ1	Q96AJ1
P40742	P40742
Q6NYC1	Q6NYC1
O15455	O15455
Q969X6	Q969X6
Q9BWM7	Q9BWM7
Q5NBX1	Q5NBX1
Q8WUE5	Q8WUE5
Q9ULZ3	Q9ULZ3
P10408	P10408
P20585	P20585
Q99NF2	Q99NF2
Q86YN6	Q86YN6
Q86YN6	Q9UBK2
P26371	P26371
P26371	Q6L8G9
P35197	P35197
P35197	P52594
Q96LR2	Q96LR2
Q9H8W4	Q9H8W4
Q9H8W4	O14964
Q9H8W4	Q9Y2I7
P14672	P14672
P14672	P11166
P14672	Q9JIF3
P38398	P38398
Q96F81	Q96F81
Q8U151	Q8U151
Q9H1C4	Q9H1C4
P53622	P53622
Q923E4	Q923E4
Q923E4	P06700
Q923E4	Q9NTG7
Q923E4	Q8IXJ6
O43524	O43524
O43524	Q9WVH4
O95905	O95905
O95905	Q9LSM5
P11686	P11686
P25651	P25651
Q8WUN7	Q8WUN7
Q13888	Q13888
P34709	P34709
Q13485	Q13485
Q13485	P97471
Q13485	Q91912
Q13485	P84022
Q13485	Q15797
Q13485	O15198
Q9UNN5	Q9UNN5
P53805	P53805
P53805	Q9JHG6
Q9JJV2	Q9JJV2
Q9H9P2	Q9H9P2
P07275	P07275
P42846	P42846
P25586	P25586
Q6XZF7	Q6XZF7
O25828	O25828
Q9BWN1	Q9BWN1
Q9C593	Q9C593
P38212	P38212
O94687	O94687
Q9BZE7	Q9BZE7
Q94AX2	Q94AX2
Q9BVS5	Q9BVS5
Q96GF1	Q96GF1
Q96GF1	Q99942
P61925	P61925
Q8NDX2	Q8NDX2
Q8NDX2	Q9P2U7
Q8IWP9	Q8IWP9
P78330	P78330
P34371	P34371
A0A0H2X6P1	A0A0H2X6P1
P15692	P15692
P35220	P35220
P35220	Q9UI47
P16562	P16562
P19157	P19157
Q14BN4	Q14BN4
P41250	P41250
P41250	Q9CZD3
Q14152	Q14152
P02293	P02293
P02293	P62807
P02293	O60814
P02293	P02281
Q9H9Y2	Q9H9Y2
P13942	P13942
P13942	P02459
P13942	P02452
P13942	P02454
P13942	P08121
Q06494	Q06494
Q9NZQ3	Q9NZQ3
P06789	P06789
O94941	O94941
P53104	P53104
P53104	Q8MQJ7
P53104	A2A121
P53104	O43602
P53104	Q63450
P53104	Q8TD19
P53104	O95714
P53104	P32562
P53104	P50528
P53104	P52304
P53104	P34331
P53104	Q64702
P53104	O97143
P53104	Q9NYY3
P53104	Q4KMI8
P53104	Q9H4B4
P53104	P53350
P53104	P70032
P53104	Q8NG66
P53104	Q8SA64
P53104	Q99558
P37562	P37562
P10037	P10037
P10037	P14859
Q0WNJ6	Q0WNJ6
Q0WNJ6	P49951
Q0WNJ6	Q00610
Q0WNJ6	P11442
Q0WNJ6	P22137
O43143	O43143
O43143	Q7L7V1
O62479	O62479
P27434	P27434
O60294	O60294
Q47898	Q47898
Q9BSB4	Q9BSB4
Q28820	Q28820
Q28820	E9Q9K5
P02919	P02919
Q96BK5	Q96BK5
Q91V88	Q91V88
Q91V88	P35555
Q91V88	Q9XWD6
Q91V88	Q9W0A0
Q9NPL8	Q9NPL8
O95793	O95793
Q7NP59	Q7NP59
Q8TBK6	Q8TBK6
A0A3Q0L222	A0A3Q0L222
Q9BKS1	Q9BKS1
Q9BKS1	Q15369
P11413	P11413
Q6NW40	Q6NW40
Q6NW40	Q6ZVN8
O43543	O43543
Q06696	Q06696
P92973	P92973
Q01974	Q01974
Q01974	Q5TCX8
Q01974	Q16584
Q01974	Q16288
Q01974	P04629
Q01974	Q06187
Q01974	Q16832
G0SCB6	G0SCB6
G0SCB6	O60216
P07498	P07498
Q9UBK9	Q9UBK9
Q96NE9	Q96NE9
P34217	P34217
P46938	P46938
P46938	P46936
P46938	Q45VV3
P46938	Q9GZV5
P46938	Q9EPK5
Q8NA82	Q8NA82
P0DPB3	P0DPB3
Q9H3S4	Q9H3S4
P57081	P57081
Q17551	Q17551
Q96K30	Q96K30
P06753	P06753
P06753	P58772
P06753	P09493
P06753	P04692
Q13951	Q13951
Q8TF40	Q8TF40
P18089	P18089
P18089	P49286
P18089	P48039
P37963	P37963
Q9FUD3	Q9FUD3
Q9FUD3	O22763
Q12967	Q12967
Q8U1N9	Q8U1N9
Q8U1N9	Q58719
P79522	P79522
P79522	Q80W00
O94992	O94992
Q9HAN9	Q9HAN9
Q14D33	Q14D33
Q6PKX4	Q6PKX4
Q13190	Q13190
Q9Y6H3	Q9Y6H3
Q9Y6H3	P53722
Q12702	Q12702
Q12702	P63151
Q8NAA4	Q8NAA4
Q8NAA4	Q676U5
P0ABL8	P0ABL8
P06132	P06132
G5EBV0	G5EBV0
G5EBV0	Q9GZT9
P0ABM1	P0ABM1
P22748	P22748
P22748	P48283
P22748	P35219
P22748	P00915
Q9Y5S9	Q9Y5S9
Q96HH9	Q96HH9
Q8IYR0	Q8IYR0
P14866	P14866
P14866	Q8WVV9
Q01831	Q01831
P17948	P17948
P17948	P11362
P17948	P21802
P17948	P41240
P17948	P22607
P17948	P10721
P17948	P36888
Q96HA8	Q96HA8
D3YUJ3	D3YUJ3
D3YUJ3	Q8ND76
Q8IW40	Q8IW40
P40458	P40458
P21147	P21147
P00736	P00736
P00736	P09871
P00736	P00742
P00736	P08709
O95573	O95573
Q7L523	Q7L523
Q7L523	Q00582
Q7L523	Q9BZG1
Q7L523	Q9R0M6
Q7L523	P51151
Q7L523	P24408
Q7L523	P32939
Q7L523	O76742
Q7L523	P51149
Q7L523	Q9ULW5
Q7L523	Q8BHD0
Q7L523	Q96DA2
Q7L523	Q8BHC1
Q7L523	Q14964
Q7L523	Q9U2C3
Q7L523	P63011
Q7L523	P63012
Q7L523	P35279
Q7L523	P61294
Q7L523	P20340
Q7L523	Q9NRW1
Q7L523	P07560
Q7L523	P20338
Q7L523	P51146
Q7L523	Q8WUD1
Q7L523	P61106
Q7L523	P61019
Q7L523	P61107
Q7L523	P38555
Q7L523	Q15907
Q7L523	P62492
Q7L523	P51996
Q7L523	P61007
Q7L523	Q9H0U4
Q7L523	P62820
Q7L523	Q6NYB7
Q7L523	P61026
Q7L523	P61006
Q7L523	Q9UL26
Q7L523	Q8QZZ8
Q7L523	Q63481
Q7L523	O14966
Q7L0Q8	Q7L0Q8
Q7L0Q8	Q05062
Q7L0Q8	Q01112
Q7L0Q8	P60953
Q7L0Q8	P19073
Q7L0Q8	P34144
Q7L0Q8	P60766
Q7L0Q8	Q9H4E5
Q7L0Q8	P34148
Q7L0Q8	P17081
Q7L0Q8	O82481
Q7L0Q8	Q9XGU0
Q7L0Q8	Q38903
Q7L0Q8	Q38937
Q7L0Q8	Q38919
Q7L0Q8	Q38912
Q7L0Q8	P63000
Q7L0Q8	P60763
Q7L0Q8	P63001
Q7L0Q8	Q9BW83
Q7L0Q8	P61587
Q7L0Q8	Q92730
Q7L0Q8	P52198
Q7L0Q8	P61588
Q7L0Q8	P06780
Q7L0Q8	P61586
Q7L0Q8	P08134
Q7L0Q8	O00212
P54205	P54205
Q7PLK0	Q7PLK0
Q7PLK0	Q96J94
Q7PLK0	Q9VKM1
P0C7U7	P0C7U7
Q9HB75	Q9HB75
O96015	O96015
O96015	Q02647
O96015	Q96FJ2
Q969S3	Q969S3
Q61645	Q61645
P04386	P04386
Q04929	Q04929
Q04929	P46108
Q04929	P46109
Q04929	Q9NHC3
Q15041	Q15041
O14879	O14879
O14879	P09914
O14879	P09913
O34000	O34000
Q86YC2	Q86YC2
Q9NZI2	Q9NZI2
Q9NWL6	Q9NWL6
Q15596	Q15596
Q15596	Q61026
Q15596	Q9Y6Q9
Q15596	Q15788
Q53EZ4	Q53EZ4
Q53EZ4	Q8BT07
P79005	P79005
P9WHW5	P9WHW5
P9WHW5	Q8DGS1
O95727	O95727
P54582	P54582
P79063	P79063
Q9NP97	Q9NP97
Q9H4E7	Q9H4E7
Q9H4E7	Q8C2K1
O89168	O89168
O89168	Q99IB8
O89168	P27958
O89168	Q9WMX2
O89168	Q913V3
Q700C7	Q700C7
P00491	P00491
Q9NNZ3	Q9NNZ3
Q92621	Q92621
P32419	P32419
P37107	P37107
P37107	P0AGD7
Q7JXA8	Q7JXA8
P19634	P19634
Q9Y223	Q9Y223
Q64163	Q64163
Q7DB77	Q7DB77
Q7DB77	B7UM99
P40357	P40357
P9WIS5	P9WIS5
Q9NQC3	Q9NQC3
Q15102	Q15102
Q9KN42	Q9KN42
O14645	O14645
Q2TAL8	Q2TAL8
Q9NP31	Q9NP31
Q9BQ15	Q9BQ15
Q775D7	Q775D7
O14459	O14459
